Terminals unused in grammar

    Y_POUND
    Y_POUND_POUND
    Y_SEG_OP
    Y___BASED
    Y___CDECL
    Y___EXPORT
    Y___FAR
    Y___FAR16
    Y___FORTRAN
    Y___HUGE
    Y___INTERRUPT
    Y___LOADDS
    Y___NEAR
    Y___PASCAL
    Y___PRAGMA
    Y___SAVEREGS
    Y___SEGMENT
    Y___SEGNAME
    Y___SELF
    Y___STDCALL
    Y__PACKED
    Y__SEG16
    Y__SYSCALL
    Y_STRING
    Y_INCLUDE_FILE_NAME
    Y_NUMBER
    Y_DEFINED
    Y_GENERIC


State 26 conflicts: 1 shift/reduce
State 445 conflicts: 1 shift/reduce


Grammar

    0 $accept: translation_unit "end of file"

    1 primary_expression: "identifier"
    2                   | constant
    3                   | string
    4                   | Y_LEFT_PAREN expression Y_RIGHT_PAREN

    5 constant: "i_const"
    6         | "f_const"
    7         | Y_ENUMERATION_CONSTANT

    8 enumeration_constant: "identifier"

    9 string: "sting_literal"
   10       | Y_FUNC_NAME

   11 postfix_expression: primary_expression
   12                   | postfix_expression Y_LEFT_BRACKET expression Y_RIGHT_BRACKET
   13                   | postfix_expression Y_LEFT_PAREN Y_RIGHT_PAREN
   14                   | postfix_expression Y_LEFT_PAREN argument_expression_list Y_RIGHT_PAREN
   15                   | postfix_expression Y_DOT "identifier"
   16                   | postfix_expression Y_ARROW "identifier"
   17                   | postfix_expression Y_PLUS_PLUS
   18                   | postfix_expression Y_MINUS_MINUS
   19                   | Y_LEFT_PAREN type_name Y_RIGHT_PAREN Y_LEFT_BRACE initializer_list Y_RIGHT_BRACE
   20                   | Y_LEFT_PAREN type_name Y_RIGHT_PAREN Y_LEFT_BRACE initializer_list Y_COMMA Y_RIGHT_BRACE

   21 argument_expression_list: assignment_expression
   22                         | argument_expression_list Y_COMMA assignment_expression

   23 unary_expression: postfix_expression
   24                 | Y_PLUS_PLUS unary_expression
   25                 | Y_MINUS_MINUS unary_expression
   26                 | unary_operator cast_expression
   27                 | Y_SIZEOF unary_expression
   28                 | Y_SIZEOF Y_LEFT_PAREN type_name Y_RIGHT_PAREN
   29                 | Y_ALIGNOF Y_LEFT_PAREN type_name Y_RIGHT_PAREN

   30 unary_operator: Y_AND
   31               | Y_TIMES
   32               | Y_PLUS
   33               | Y_MINUS
   34               | Y_TILDE
   35               | Y_EXCLAMATION

   36 cast_expression: unary_expression
   37                | Y_LEFT_PAREN type_name Y_RIGHT_PAREN cast_expression

   38 multiplicative_expression: cast_expression
   39                          | multiplicative_expression Y_TIMES cast_expression
   40                          | multiplicative_expression Y_DIVIDE cast_expression
   41                          | multiplicative_expression Y_PERCENT cast_expression

   42 additive_expression: multiplicative_expression
   43                    | additive_expression Y_PLUS multiplicative_expression
   44                    | additive_expression Y_MINUS multiplicative_expression

   45 shift_expression: additive_expression
   46                 | shift_expression Y_RSHIFT additive_expression
   47                 | shift_expression Y_LSHIFT additive_expression

   48 relational_expression: shift_expression
   49                      | relational_expression Y_LT shift_expression
   50                      | relational_expression Y_GT shift_expression
   51                      | relational_expression Y_LE shift_expression
   52                      | relational_expression Y_GE shift_expression

   53 equality_expression: relational_expression
   54                    | equality_expression Y_EQ relational_expression
   55                    | equality_expression Y_NE relational_expression

   56 and_expression: equality_expression
   57               | and_expression Y_AND equality_expression

   58 exclusive_or_expression: and_expression
   59                        | exclusive_or_expression Y_XOR and_expression

   60 inclusive_or_expression: exclusive_or_expression
   61                        | inclusive_or_expression Y_OR exclusive_or_expression

   62 logical_and_expression: inclusive_or_expression
   63                       | logical_and_expression Y_AND_AND inclusive_or_expression

   64 logical_or_expression: logical_and_expression
   65                      | logical_or_expression Y_OR_OR logical_and_expression

   66 conditional_expression: logical_or_expression
   67                       | logical_or_expression Y_QUESTION expression Y_COLON conditional_expression

   68 assignment_expression: conditional_expression
   69                      | unary_expression assignment_operator assignment_expression

   70 assignment_operator: Y_EQUAL
   71                    | Y_TIMES_EQUAL
   72                    | Y_DIVIDE_EQUAL
   73                    | Y_PERCENT_EQUAL
   74                    | Y_PLUS_EQUAL
   75                    | Y_MINUS_EQUAL
   76                    | Y_LSHIFT_EQUAL
   77                    | Y_RSHIFT_EQUAL
   78                    | Y_AND_EQUAL
   79                    | Y_XOR_EQUAL
   80                    | Y_OR_EQUAL

   81 expression: assignment_expression
   82           | expression Y_COMMA assignment_expression

   83 constant_expression: conditional_expression

   84 declaration: declaration_specifiers Y_SEMICOLON
   85            | declaration_specifiers init_declarator_list Y_SEMICOLON
   86            | static_assert_declaration

   87 declaration_specifiers: storage_class_specifier declaration_specifiers
   88                       | storage_class_specifier
   89                       | type_specifier declaration_specifiers
   90                       | type_specifier
   91                       | type_qualifier declaration_specifiers
   92                       | type_qualifier
   93                       | function_specifier declaration_specifiers
   94                       | function_specifier
   95                       | alignment_specifier declaration_specifiers
   96                       | alignment_specifier

   97 init_declarator_list: init_declarator
   98                     | init_declarator_list Y_COMMA init_declarator

   99 init_declarator: declarator Y_EQUAL initializer
  100                | declarator

  101 storage_class_specifier: Y_TYPEDEF
  102                        | Y_EXTERN
  103                        | Y_STATIC
  104                        | Y_THREAD_LOCAL
  105                        | Y_AUTO
  106                        | Y_REGISTER

  107 type_specifier: Y_VOID
  108               | Y_CHAR
  109               | Y_SHORT
  110               | Y_INT
  111               | Y_LONG
  112               | Y_LONG_LONG
  113               | Y_FLOAT
  114               | Y_DOUBLE
  115               | Y_LONG_DOUBLE
  116               | Y_SIGNED
  117               | Y_UNSIGNED
  118               | Y_BOOL
  119               | Y_COMPLEX
  120               | Y_IMAGINARY
  121               | atomic_type_specifier
  122               | struct_or_union_specifier
  123               | enum_specifier
  124               | Y_TYPEDEF_NAME

  125 struct_or_union_specifier: struct_or_union Y_LEFT_BRACE struct_declaration_list Y_RIGHT_BRACE
  126                          | struct_or_union "identifier" Y_LEFT_BRACE struct_declaration_list Y_RIGHT_BRACE
  127                          | struct_or_union "identifier"

  128 struct_or_union: Y_STRUCT
  129                | Y_UNION

  130 struct_declaration_list: struct_declaration
  131                        | struct_declaration_list struct_declaration

  132 struct_declaration: specifier_qualifier_list Y_SEMICOLON
  133                   | specifier_qualifier_list struct_declarator_list Y_SEMICOLON
  134                   | static_assert_declaration

  135 specifier_qualifier_list: type_specifier specifier_qualifier_list
  136                         | type_specifier
  137                         | type_qualifier specifier_qualifier_list
  138                         | type_qualifier

  139 struct_declarator_list: struct_declarator
  140                       | struct_declarator_list Y_COMMA struct_declarator

  141 struct_declarator: Y_COLON constant_expression
  142                  | declarator Y_COLON constant_expression
  143                  | declarator

  144 enum_specifier: Y_ENUM Y_LEFT_BRACE enumerator_list Y_RIGHT_BRACE
  145               | Y_ENUM Y_LEFT_BRACE enumerator_list Y_COMMA Y_RIGHT_BRACE
  146               | Y_ENUM "identifier" Y_LEFT_BRACE enumerator_list Y_RIGHT_BRACE
  147               | Y_ENUM "identifier" Y_LEFT_BRACE enumerator_list Y_COMMA Y_RIGHT_BRACE
  148               | Y_ENUM "identifier"

  149 enumerator_list: enumerator
  150                | enumerator_list Y_COMMA enumerator

  151 enumerator: enumeration_constant Y_EQUAL constant_expression
  152           | enumeration_constant

  153 atomic_type_specifier: Y_ATOMIC Y_LEFT_PAREN type_name Y_RIGHT_PAREN

  154 type_qualifier: Y_CONST
  155               | Y_RESTRICT
  156               | Y_VOLATILE
  157               | Y_ATOMIC

  158 function_specifier: Y_INLINE
  159                   | Y_NORETURN

  160 alignment_specifier: Y_ALIGNAS Y_LEFT_PAREN type_name Y_RIGHT_PAREN
  161                    | Y_ALIGNAS Y_LEFT_PAREN constant_expression Y_RIGHT_PAREN

  162 declarator: pointer direct_declarator
  163           | direct_declarator

  164 direct_declarator: "identifier"
  165                  | Y_LEFT_PAREN declarator Y_RIGHT_PAREN
  166                  | direct_declarator Y_LEFT_BRACKET Y_RIGHT_BRACKET
  167                  | direct_declarator Y_LEFT_BRACKET Y_TIMES Y_RIGHT_BRACKET
  168                  | direct_declarator Y_LEFT_BRACKET Y_STATIC type_qualifier_list assignment_expression Y_RIGHT_BRACKET
  169                  | direct_declarator Y_LEFT_BRACKET Y_STATIC assignment_expression Y_RIGHT_BRACKET
  170                  | direct_declarator Y_LEFT_BRACKET type_qualifier_list Y_TIMES Y_RIGHT_BRACKET
  171                  | direct_declarator Y_LEFT_BRACKET type_qualifier_list Y_STATIC assignment_expression Y_RIGHT_BRACKET
  172                  | direct_declarator Y_LEFT_BRACKET type_qualifier_list assignment_expression Y_RIGHT_BRACKET
  173                  | direct_declarator Y_LEFT_BRACKET type_qualifier_list Y_RIGHT_BRACKET
  174                  | direct_declarator Y_LEFT_BRACKET assignment_expression Y_RIGHT_BRACKET
  175                  | direct_declarator Y_LEFT_PAREN parameter_type_list Y_RIGHT_PAREN
  176                  | direct_declarator Y_LEFT_PAREN Y_RIGHT_PAREN
  177                  | direct_declarator Y_LEFT_PAREN identifier_list Y_RIGHT_PAREN

  178 pointer: Y_TIMES type_qualifier_list pointer
  179        | Y_TIMES type_qualifier_list
  180        | Y_TIMES pointer
  181        | Y_TIMES

  182 type_qualifier_list: type_qualifier
  183                    | type_qualifier_list type_qualifier

  184 parameter_type_list: parameter_list Y_COMMA Y_DOT_DOT_DOT
  185                    | parameter_list

  186 parameter_list: parameter_declaration
  187               | parameter_list Y_COMMA parameter_declaration

  188 parameter_declaration: declaration_specifiers declarator
  189                      | declaration_specifiers abstract_declarator
  190                      | declaration_specifiers

  191 identifier_list: "identifier"
  192                | identifier_list Y_COMMA "identifier"

  193 type_name: specifier_qualifier_list abstract_declarator
  194          | specifier_qualifier_list

  195 abstract_declarator: pointer direct_abstract_declarator
  196                    | pointer
  197                    | direct_abstract_declarator

  198 direct_abstract_declarator: Y_LEFT_PAREN abstract_declarator Y_RIGHT_PAREN
  199                           | Y_LEFT_BRACKET Y_RIGHT_BRACKET
  200                           | Y_LEFT_BRACKET '*' Y_RIGHT_BRACKET
  201                           | Y_LEFT_BRACKET Y_STATIC type_qualifier_list assignment_expression Y_RIGHT_BRACKET
  202                           | Y_LEFT_BRACKET Y_STATIC assignment_expression Y_RIGHT_BRACKET
  203                           | Y_LEFT_BRACKET type_qualifier_list Y_STATIC assignment_expression Y_RIGHT_BRACKET
  204                           | Y_LEFT_BRACKET type_qualifier_list assignment_expression Y_RIGHT_BRACKET
  205                           | Y_LEFT_BRACKET type_qualifier_list Y_RIGHT_BRACKET
  206                           | Y_LEFT_BRACKET assignment_expression Y_RIGHT_BRACKET
  207                           | direct_abstract_declarator Y_LEFT_BRACKET Y_RIGHT_BRACKET
  208                           | direct_abstract_declarator Y_LEFT_BRACKET '*' Y_RIGHT_BRACKET
  209                           | direct_abstract_declarator Y_LEFT_BRACKET Y_STATIC type_qualifier_list assignment_expression Y_RIGHT_BRACKET
  210                           | direct_abstract_declarator Y_LEFT_BRACKET Y_STATIC assignment_expression Y_RIGHT_BRACKET
  211                           | direct_abstract_declarator Y_LEFT_BRACKET type_qualifier_list assignment_expression Y_RIGHT_BRACKET
  212                           | direct_abstract_declarator Y_LEFT_BRACKET type_qualifier_list Y_STATIC assignment_expression Y_RIGHT_BRACKET
  213                           | direct_abstract_declarator Y_LEFT_BRACKET type_qualifier_list Y_RIGHT_BRACKET
  214                           | direct_abstract_declarator Y_LEFT_BRACKET assignment_expression Y_RIGHT_BRACKET
  215                           | Y_LEFT_PAREN Y_RIGHT_PAREN
  216                           | Y_LEFT_PAREN parameter_type_list Y_RIGHT_PAREN
  217                           | direct_abstract_declarator Y_LEFT_PAREN Y_RIGHT_PAREN
  218                           | direct_abstract_declarator Y_LEFT_PAREN parameter_type_list Y_RIGHT_PAREN

  219 initializer: Y_LEFT_BRACE initializer_list Y_RIGHT_BRACE
  220            | Y_LEFT_BRACE initializer_list Y_COMMA Y_RIGHT_BRACE
  221            | assignment_expression

  222 initializer_list: designation initializer
  223                 | initializer
  224                 | initializer_list Y_COMMA designation initializer
  225                 | initializer_list Y_COMMA initializer

  226 designation: designator_list Y_EQUAL

  227 designator_list: designator
  228                | designator_list designator

  229 designator: Y_LEFT_BRACKET constant_expression Y_RIGHT_BRACKET
  230           | Y_DOT "identifier"

  231 static_assert_declaration: Y_STATIC_ASSERT Y_LEFT_PAREN constant_expression Y_COMMA "sting_literal" Y_RIGHT_PAREN Y_SEMICOLON

  232 statement: labeled_statement
  233          | compound_statement
  234          | expression_statement
  235          | selection_statement
  236          | iteration_statement
  237          | jump_statement

  238 labeled_statement: "identifier" Y_COLON statement
  239                  | Y_CASE constant_expression Y_COLON statement
  240                  | Y_DEFAULT Y_COLON statement

  241 compound_statement: Y_LEFT_BRACE Y_RIGHT_BRACE
  242                   | Y_LEFT_BRACE block_item_list Y_RIGHT_BRACE

  243 block_item_list: block_item
  244                | block_item_list block_item

  245 block_item: declaration
  246           | statement

  247 expression_statement: Y_SEMICOLON
  248                     | expression Y_SEMICOLON

  249 selection_statement: Y_IF Y_LEFT_PAREN expression Y_RIGHT_PAREN statement Y_ELSE statement
  250                    | Y_IF Y_LEFT_PAREN expression Y_RIGHT_PAREN statement
  251                    | Y_SWITCH Y_LEFT_PAREN expression Y_RIGHT_PAREN statement

  252 iteration_statement: Y_WHILE Y_LEFT_PAREN expression Y_RIGHT_PAREN statement
  253                    | Y_DO statement Y_WHILE Y_LEFT_PAREN expression Y_RIGHT_PAREN Y_SEMICOLON
  254                    | Y_FOR Y_LEFT_PAREN expression_statement expression_statement Y_RIGHT_PAREN statement
  255                    | Y_FOR Y_LEFT_PAREN expression_statement expression_statement expression Y_RIGHT_PAREN statement
  256                    | Y_FOR Y_LEFT_PAREN declaration expression_statement Y_RIGHT_PAREN statement
  257                    | Y_FOR Y_LEFT_PAREN declaration expression_statement expression Y_RIGHT_PAREN statement

  258 jump_statement: Y_GOTO "identifier" Y_SEMICOLON
  259               | Y_CONTINUE Y_SEMICOLON
  260               | Y_BREAK Y_SEMICOLON
  261               | Y_RETURN Y_SEMICOLON
  262               | Y_RETURN expression Y_SEMICOLON

  263 translation_unit: external_declaration
  264                 | translation_unit external_declaration

  265 external_declaration: function_definition
  266                     | declaration

  267 function_definition: declaration_specifiers declarator declaration_list compound_statement
  268                    | declaration_specifiers declarator compound_statement

  269 declaration_list: declaration
  270                 | declaration_list declaration


Terminals, with rules where they appear

    "end of file" (0) 0
    '*' (42) 200 208
    error (256)
    "identifier" <token> (258) 1 8 15 16 126 127 146 147 148 164 191 192 230 238 258
    "i_const" <token> (259) 5
    "f_const" <token> (260) 6
    "sting_literal" <token> (261) 9 231
    Y_EXCLAMATION <token> (262) 35
    Y_NE <token> (263) 55
    Y_POUND <token> (264)
    Y_POUND_POUND <token> (265)
    Y_AND <token> (266) 30 57
    Y_AND_AND <token> (267) 63
    Y_AND_EQUAL <token> (268) 78
    Y_LEFT_PAREN <token> (269) 4 13 14 19 20 28 29 37 153 160 161 165 175 176 177 198 215 216 217 218 231 249 250 251 252 253 254 255 256 257
    Y_RIGHT_PAREN <token> (270) 4 13 14 19 20 28 29 37 153 160 161 165 175 176 177 198 215 216 217 218 231 249 250 251 252 253 254 255 256 257
    Y_TIMES <token> (271) 31 39 167 170 178 179 180 181
    Y_TIMES_EQUAL <token> (272) 71
    Y_PLUS <token> (273) 32 43
    Y_PLUS_PLUS <token> (274) 17 24
    Y_PLUS_EQUAL <token> (275) 74
    Y_COMMA <token> (276) 20 22 82 98 140 145 147 150 184 187 192 220 224 225 231
    Y_MINUS <token> (277) 33 44
    Y_MINUS_MINUS <token> (278) 18 25
    Y_MINUS_EQUAL <token> (279) 75
    Y_ARROW <token> (280) 16
    Y_DOT <token> (281) 15 230
    Y_DOT_DOT_DOT <token> (282) 184
    Y_DIVIDE <token> (283) 40
    Y_DIVIDE_EQUAL <token> (284) 72
    Y_COLON <token> (285) 67 141 142 238 239 240
    Y_SEG_OP <token> (286)
    Y_SEMICOLON <token> (287) 84 85 132 133 231 247 248 253 258 259 260 261 262
    Y_LT <token> (288) 49
    Y_LSHIFT <token> (289) 47
    Y_LSHIFT_EQUAL <token> (290) 76
    Y_LE <token> (291) 51
    Y_EQUAL <token> (292) 70 99 151 226
    Y_EQ <token> (293) 54
    Y_GT <token> (294) 50
    Y_GE <token> (295) 52
    Y_RSHIFT <token> (296) 46
    Y_RSHIFT_EQUAL <token> (297) 77
    Y_QUESTION <token> (298) 67
    Y_LEFT_BRACKET <token> (299) 12 166 167 168 169 170 171 172 173 174 199 200 201 202 203 204 205 206 207 208 209 210 211 212 213 214 229
    Y_RIGHT_BRACKET <token> (300) 12 166 167 168 169 170 171 172 173 174 199 200 201 202 203 204 205 206 207 208 209 210 211 212 213 214 229
    Y_XOR <token> (301) 59
    Y_XOR_EQUAL <token> (302) 79
    Y___BASED <token> (303)
    Y___CDECL <token> (304)
    Y___EXPORT <token> (305)
    Y___FAR <token> (306)
    Y___FAR16 <token> (307)
    Y___FORTRAN <token> (308)
    Y___HUGE <token> (309)
    Y___INTERRUPT <token> (310)
    Y___LOADDS <token> (311)
    Y___NEAR <token> (312)
    Y___PASCAL <token> (313)
    Y___PRAGMA <token> (314)
    Y___SAVEREGS <token> (315)
    Y___SEGMENT <token> (316)
    Y___SEGNAME <token> (317)
    Y___SELF <token> (318)
    Y___STDCALL <token> (319)
    Y__PACKED <token> (320)
    Y__SEG16 <token> (321)
    Y__SYSCALL <token> (322)
    Y_THREAD_LOCAL <token> (323) 104
    Y_AUTO <token> (324) 105
    Y_CHAR <token> (325) 108
    Y_CONST <token> (326) 154
    Y_DOUBLE <token> (327) 114
    Y_ELSE <token> (328) 249
    Y_ENUM <token> (329) 144 145 146 147 148
    Y_EXTERN <token> (330) 102
    Y_FLOAT <token> (331) 113
    Y_INT <token> (332) 110
    Y_LONG <token> (333) 111
    Y_REGISTER <token> (334) 106
    Y_SHORT <token> (335) 109
    Y_SIGNED <token> (336) 116
    Y_SIZEOF <token> (337) 27 28
    Y_STATIC <token> (338) 103 168 169 171 201 202 203 209 210 212
    Y_STRUCT <token> (339) 128
    Y_TYPEDEF <token> (340) 101
    Y_UNION <token> (341) 129
    Y_UNSIGNED <token> (342) 117
    Y_VOID <token> (343) 107
    Y_VOLATILE <token> (344) 156
    Y_LEFT_BRACE <token> (345) 19 20 125 126 144 145 146 147 219 220 241 242
    Y_OR <token> (346) 61
    Y_OR_EQUAL <token> (347) 80
    Y_OR_OR <token> (348) 65
    Y_RIGHT_BRACE <token> (349) 19 20 125 126 144 145 146 147 219 220 241 242
    Y_TILDE <token> (350) 34
    Y_IF <token> (351) 249 250
    Y_STRING <token> (352)
    Y_INCLUDE_FILE_NAME <token> (353)
    Y_TYPEDEF_NAME <token> (354) 124
    Y_NUMBER <token> (355)
    Y_PERCENT <token> (356) 41
    Y_PERCENT_EQUAL <token> (357) 73
    Y_DEFINED <token> (358)
    Y_ENUMERATION_CONSTANT <token> (359) 7
    Y_FUNC_NAME <token> (360) 10
    Y_GENERIC <token> (361)
    Y_DEFAULT <token> (362) 240
    Y_CASE <token> (363) 239
    Y_ALIGNOF <token> (364) 29
    Y_IMAGINARY <token> (365) 120
    Y_COMPLEX <token> (366) 119
    Y_LONG_DOUBLE <token> (367) 115
    Y_BOOL <token> (368) 118
    Y_ATOMIC <token> (369) 153 157
    Y_RESTRICT <token> (370) 155
    Y_INLINE <token> (371) 158
    Y_NORETURN <token> (372) 159
    Y_ALIGNAS <token> (373) 160 161
    Y_STATIC_ASSERT <token> (374) 231
    Y_SWITCH <token> (375) 251
    Y_WHILE <token> (376) 252 253
    Y_DO <token> (377) 253
    Y_FOR <token> (378) 254 255 256 257
    Y_GOTO <token> (379) 258
    Y_CONTINUE <token> (380) 259
    Y_BREAK <token> (381) 260
    Y_RETURN <token> (382) 261 262
    Y_LONG_LONG <token> (383) 112


Nonterminals, with rules where they appear

    $accept (130)
        on left: 0
    primary_expression <tree> (131)
        on left: 1 2 3 4
        on right: 11
    constant <token> (132)
        on left: 5 6 7
        on right: 2
    enumeration_constant <token> (133)
        on left: 8
        on right: 151 152
    string <token> (134)
        on left: 9 10
        on right: 3
    postfix_expression <tree> (135)
        on left: 11 12 13 14 15 16 17 18 19 20
        on right: 12 13 14 15 16 17 18 23
    argument_expression_list <tree> (136)
        on left: 21 22
        on right: 14 22
    unary_expression <tree> (137)
        on left: 23 24 25 26 27 28 29
        on right: 24 25 27 36 69
    unary_operator <label> (138)
        on left: 30 31 32 33 34 35
        on right: 26
    cast_expression <tree> (139)
        on left: 36 37
        on right: 26 37 38 39 40 41
    multiplicative_expression <tree> (140)
        on left: 38 39 40 41
        on right: 39 40 41 42 43 44
    additive_expression <tree> (141)
        on left: 42 43 44
        on right: 43 44 45 46 47
    shift_expression <tree> (142)
        on left: 45 46 47
        on right: 46 47 48 49 50 51 52
    relational_expression <tree> (143)
        on left: 48 49 50 51 52
        on right: 49 50 51 52 53 54 55
    equality_expression <tree> (144)
        on left: 53 54 55
        on right: 54 55 56 57
    and_expression <tree> (145)
        on left: 56 57
        on right: 57 58 59
    exclusive_or_expression <tree> (146)
        on left: 58 59
        on right: 59 60 61
    inclusive_or_expression <tree> (147)
        on left: 60 61
        on right: 61 62 63
    logical_and_expression <tree> (148)
        on left: 62 63
        on right: 63 64 65
    logical_or_expression <tree> (149)
        on left: 64 65
        on right: 65 66 67
    conditional_expression <tree> (150)
        on left: 66 67
        on right: 67 68 83
    assignment_expression <tree> (151)
        on left: 68 69
        on right: 21 22 69 81 82 168 169 171 172 174 201 202 203 204 206 209 210 211 212 214 221
    assignment_operator (152)
        on left: 70 71 72 73 74 75 76 77 78 79 80
        on right: 69
    expression <tree> (153)
        on left: 81 82
        on right: 4 12 67 82 248 249 250 251 252 253 255 257 262
    constant_expression (154)
        on left: 83
        on right: 141 142 151 161 229 231 239
    declaration (155)
        on left: 84 85 86
        on right: 245 256 257 266 269 270
    declaration_specifiers (156)
        on left: 87 88 89 90 91 92 93 94 95 96
        on right: 84 85 87 89 91 93 95 188 189 190 267 268
    init_declarator_list (157)
        on left: 97 98
        on right: 85 98
    init_declarator (158)
        on left: 99 100
        on right: 97 98
    storage_class_specifier (159)
        on left: 101 102 103 104 105 106
        on right: 87 88
    type_specifier (160)
        on left: 107 108 109 110 111 112 113 114 115 116 117 118 119 120 121 122 123 124
        on right: 89 90 135 136
    struct_or_union_specifier (161)
        on left: 125 126 127
        on right: 122
    struct_or_union (162)
        on left: 128 129
        on right: 125 126 127
    struct_declaration_list (163)
        on left: 130 131
        on right: 125 126 131
    struct_declaration (164)
        on left: 132 133 134
        on right: 130 131
    specifier_qualifier_list (165)
        on left: 135 136 137 138
        on right: 132 133 135 137 193 194
    struct_declarator_list (166)
        on left: 139 140
        on right: 133 140
    struct_declarator (167)
        on left: 141 142 143
        on right: 139 140
    enum_specifier (168)
        on left: 144 145 146 147 148
        on right: 123
    enumerator_list (169)
        on left: 149 150
        on right: 144 145 146 147 150
    enumerator (170)
        on left: 151 152
        on right: 149 150
    atomic_type_specifier (171)
        on left: 153
        on right: 121
    type_qualifier (172)
        on left: 154 155 156 157
        on right: 91 92 137 138 182 183
    function_specifier (173)
        on left: 158 159
        on right: 93 94
    alignment_specifier (174)
        on left: 160 161
        on right: 95 96
    declarator (175)
        on left: 162 163
        on right: 99 100 142 143 165 188 267 268
    direct_declarator (176)
        on left: 164 165 166 167 168 169 170 171 172 173 174 175 176 177
        on right: 162 163 166 167 168 169 170 171 172 173 174 175 176 177
    pointer (177)
        on left: 178 179 180 181
        on right: 162 178 180 195 196
    type_qualifier_list (178)
        on left: 182 183
        on right: 168 170 171 172 173 178 179 183 201 203 204 205 209 211 212 213
    parameter_type_list (179)
        on left: 184 185
        on right: 175 216 218
    parameter_list (180)
        on left: 186 187
        on right: 184 185 187
    parameter_declaration (181)
        on left: 188 189 190
        on right: 186 187
    identifier_list (182)
        on left: 191 192
        on right: 177 192
    type_name <tree> (183)
        on left: 193 194
        on right: 19 20 28 29 37 153 160
    abstract_declarator (184)
        on left: 195 196 197
        on right: 189 193 198
    direct_abstract_declarator (185)
        on left: 198 199 200 201 202 203 204 205 206 207 208 209 210 211 212 213 214 215 216 217 218
        on right: 195 197 207 208 209 210 211 212 213 214 217 218
    initializer <tree> (186)
        on left: 219 220 221
        on right: 99 222 223 224 225
    initializer_list <tree> (187)
        on left: 222 223 224 225
        on right: 19 20 219 220 224 225
    designation <tree> (188)
        on left: 226
        on right: 222 224
    designator_list <tree> (189)
        on left: 227 228
        on right: 226 228
    designator (190)
        on left: 229 230
        on right: 227 228
    static_assert_declaration (191)
        on left: 231
        on right: 86 134
    statement (192)
        on left: 232 233 234 235 236 237
        on right: 238 239 240 246 249 250 251 252 253 254 255 256 257
    labeled_statement (193)
        on left: 238 239 240
        on right: 232
    compound_statement (194)
        on left: 241 242
        on right: 233 267 268
    block_item_list (195)
        on left: 243 244
        on right: 242 244
    block_item (196)
        on left: 245 246
        on right: 243 244
    expression_statement (197)
        on left: 247 248
        on right: 234 254 255 256 257
    selection_statement (198)
        on left: 249 250 251
        on right: 235
    iteration_statement (199)
        on left: 252 253 254 255 256 257
        on right: 236
    jump_statement (200)
        on left: 258 259 260 261 262
        on right: 237
    translation_unit (201)
        on left: 263 264
        on right: 0 264
    external_declaration (202)
        on left: 265 266
        on right: 263 264
    function_definition (203)
        on left: 267 268
        on right: 265
    declaration_list (204)
        on left: 269 270
        on right: 267 270


State 0

    0 $accept: . translation_unit "end of file"

    Y_THREAD_LOCAL   shift, and go to state 1
    Y_AUTO           shift, and go to state 2
    Y_CHAR           shift, and go to state 3
    Y_CONST          shift, and go to state 4
    Y_DOUBLE         shift, and go to state 5
    Y_ENUM           shift, and go to state 6
    Y_EXTERN         shift, and go to state 7
    Y_FLOAT          shift, and go to state 8
    Y_INT            shift, and go to state 9
    Y_LONG           shift, and go to state 10
    Y_REGISTER       shift, and go to state 11
    Y_SHORT          shift, and go to state 12
    Y_SIGNED         shift, and go to state 13
    Y_STATIC         shift, and go to state 14
    Y_STRUCT         shift, and go to state 15
    Y_TYPEDEF        shift, and go to state 16
    Y_UNION          shift, and go to state 17
    Y_UNSIGNED       shift, and go to state 18
    Y_VOID           shift, and go to state 19
    Y_VOLATILE       shift, and go to state 20
    Y_TYPEDEF_NAME   shift, and go to state 21
    Y_IMAGINARY      shift, and go to state 22
    Y_COMPLEX        shift, and go to state 23
    Y_LONG_DOUBLE    shift, and go to state 24
    Y_BOOL           shift, and go to state 25
    Y_ATOMIC         shift, and go to state 26
    Y_RESTRICT       shift, and go to state 27
    Y_INLINE         shift, and go to state 28
    Y_NORETURN       shift, and go to state 29
    Y_ALIGNAS        shift, and go to state 30
    Y_STATIC_ASSERT  shift, and go to state 31
    Y_LONG_LONG      shift, and go to state 32

    declaration                go to state 33
    declaration_specifiers     go to state 34
    storage_class_specifier    go to state 35
    type_specifier             go to state 36
    struct_or_union_specifier  go to state 37
    struct_or_union            go to state 38
    enum_specifier             go to state 39
    atomic_type_specifier      go to state 40
    type_qualifier             go to state 41
    function_specifier         go to state 42
    alignment_specifier        go to state 43
    static_assert_declaration  go to state 44
    translation_unit           go to state 45
    external_declaration       go to state 46
    function_definition        go to state 47


State 1

  104 storage_class_specifier: Y_THREAD_LOCAL .

    $default  reduce using rule 104 (storage_class_specifier)


State 2

  105 storage_class_specifier: Y_AUTO .

    $default  reduce using rule 105 (storage_class_specifier)


State 3

  108 type_specifier: Y_CHAR .

    $default  reduce using rule 108 (type_specifier)


State 4

  154 type_qualifier: Y_CONST .

    $default  reduce using rule 154 (type_qualifier)


State 5

  114 type_specifier: Y_DOUBLE .

    $default  reduce using rule 114 (type_specifier)


State 6

  144 enum_specifier: Y_ENUM . Y_LEFT_BRACE enumerator_list Y_RIGHT_BRACE
  145               | Y_ENUM . Y_LEFT_BRACE enumerator_list Y_COMMA Y_RIGHT_BRACE
  146               | Y_ENUM . "identifier" Y_LEFT_BRACE enumerator_list Y_RIGHT_BRACE
  147               | Y_ENUM . "identifier" Y_LEFT_BRACE enumerator_list Y_COMMA Y_RIGHT_BRACE
  148               | Y_ENUM . "identifier"

    "identifier"  shift, and go to state 48
    Y_LEFT_BRACE  shift, and go to state 49


State 7

  102 storage_class_specifier: Y_EXTERN .

    $default  reduce using rule 102 (storage_class_specifier)


State 8

  113 type_specifier: Y_FLOAT .

    $default  reduce using rule 113 (type_specifier)


State 9

  110 type_specifier: Y_INT .

    $default  reduce using rule 110 (type_specifier)


State 10

  111 type_specifier: Y_LONG .

    $default  reduce using rule 111 (type_specifier)


State 11

  106 storage_class_specifier: Y_REGISTER .

    $default  reduce using rule 106 (storage_class_specifier)


State 12

  109 type_specifier: Y_SHORT .

    $default  reduce using rule 109 (type_specifier)


State 13

  116 type_specifier: Y_SIGNED .

    $default  reduce using rule 116 (type_specifier)


State 14

  103 storage_class_specifier: Y_STATIC .

    $default  reduce using rule 103 (storage_class_specifier)


State 15

  128 struct_or_union: Y_STRUCT .

    $default  reduce using rule 128 (struct_or_union)


State 16

  101 storage_class_specifier: Y_TYPEDEF .

    $default  reduce using rule 101 (storage_class_specifier)


State 17

  129 struct_or_union: Y_UNION .

    $default  reduce using rule 129 (struct_or_union)


State 18

  117 type_specifier: Y_UNSIGNED .

    $default  reduce using rule 117 (type_specifier)


State 19

  107 type_specifier: Y_VOID .

    $default  reduce using rule 107 (type_specifier)


State 20

  156 type_qualifier: Y_VOLATILE .

    $default  reduce using rule 156 (type_qualifier)


State 21

  124 type_specifier: Y_TYPEDEF_NAME .

    $default  reduce using rule 124 (type_specifier)


State 22

  120 type_specifier: Y_IMAGINARY .

    $default  reduce using rule 120 (type_specifier)


State 23

  119 type_specifier: Y_COMPLEX .

    $default  reduce using rule 119 (type_specifier)


State 24

  115 type_specifier: Y_LONG_DOUBLE .

    $default  reduce using rule 115 (type_specifier)


State 25

  118 type_specifier: Y_BOOL .

    $default  reduce using rule 118 (type_specifier)


State 26

  153 atomic_type_specifier: Y_ATOMIC . Y_LEFT_PAREN type_name Y_RIGHT_PAREN
  157 type_qualifier: Y_ATOMIC .

    Y_LEFT_PAREN  shift, and go to state 50

    Y_LEFT_PAREN  [reduce using rule 157 (type_qualifier)]
    $default      reduce using rule 157 (type_qualifier)


State 27

  155 type_qualifier: Y_RESTRICT .

    $default  reduce using rule 155 (type_qualifier)


State 28

  158 function_specifier: Y_INLINE .

    $default  reduce using rule 158 (function_specifier)


State 29

  159 function_specifier: Y_NORETURN .

    $default  reduce using rule 159 (function_specifier)


State 30

  160 alignment_specifier: Y_ALIGNAS . Y_LEFT_PAREN type_name Y_RIGHT_PAREN
  161                    | Y_ALIGNAS . Y_LEFT_PAREN constant_expression Y_RIGHT_PAREN

    Y_LEFT_PAREN  shift, and go to state 51


State 31

  231 static_assert_declaration: Y_STATIC_ASSERT . Y_LEFT_PAREN constant_expression Y_COMMA "sting_literal" Y_RIGHT_PAREN Y_SEMICOLON

    Y_LEFT_PAREN  shift, and go to state 52


State 32

  112 type_specifier: Y_LONG_LONG .

    $default  reduce using rule 112 (type_specifier)


State 33

  266 external_declaration: declaration .

    $default  reduce using rule 266 (external_declaration)


State 34

   84 declaration: declaration_specifiers . Y_SEMICOLON
   85            | declaration_specifiers . init_declarator_list Y_SEMICOLON
  267 function_definition: declaration_specifiers . declarator declaration_list compound_statement
  268                    | declaration_specifiers . declarator compound_statement

    "identifier"  shift, and go to state 53
    Y_LEFT_PAREN  shift, and go to state 54
    Y_TIMES       shift, and go to state 55
    Y_SEMICOLON   shift, and go to state 56

    init_declarator_list  go to state 57
    init_declarator       go to state 58
    declarator            go to state 59
    direct_declarator     go to state 60
    pointer               go to state 61


State 35

   87 declaration_specifiers: storage_class_specifier . declaration_specifiers
   88                       | storage_class_specifier .

    Y_THREAD_LOCAL  shift, and go to state 1
    Y_AUTO          shift, and go to state 2
    Y_CHAR          shift, and go to state 3
    Y_CONST         shift, and go to state 4
    Y_DOUBLE        shift, and go to state 5
    Y_ENUM          shift, and go to state 6
    Y_EXTERN        shift, and go to state 7
    Y_FLOAT         shift, and go to state 8
    Y_INT           shift, and go to state 9
    Y_LONG          shift, and go to state 10
    Y_REGISTER      shift, and go to state 11
    Y_SHORT         shift, and go to state 12
    Y_SIGNED        shift, and go to state 13
    Y_STATIC        shift, and go to state 14
    Y_STRUCT        shift, and go to state 15
    Y_TYPEDEF       shift, and go to state 16
    Y_UNION         shift, and go to state 17
    Y_UNSIGNED      shift, and go to state 18
    Y_VOID          shift, and go to state 19
    Y_VOLATILE      shift, and go to state 20
    Y_TYPEDEF_NAME  shift, and go to state 21
    Y_IMAGINARY     shift, and go to state 22
    Y_COMPLEX       shift, and go to state 23
    Y_LONG_DOUBLE   shift, and go to state 24
    Y_BOOL          shift, and go to state 25
    Y_ATOMIC        shift, and go to state 26
    Y_RESTRICT      shift, and go to state 27
    Y_INLINE        shift, and go to state 28
    Y_NORETURN      shift, and go to state 29
    Y_ALIGNAS       shift, and go to state 30
    Y_LONG_LONG     shift, and go to state 32

    $default  reduce using rule 88 (declaration_specifiers)

    declaration_specifiers     go to state 62
    storage_class_specifier    go to state 35
    type_specifier             go to state 36
    struct_or_union_specifier  go to state 37
    struct_or_union            go to state 38
    enum_specifier             go to state 39
    atomic_type_specifier      go to state 40
    type_qualifier             go to state 41
    function_specifier         go to state 42
    alignment_specifier        go to state 43


State 36

   89 declaration_specifiers: type_specifier . declaration_specifiers
   90                       | type_specifier .

    Y_THREAD_LOCAL  shift, and go to state 1
    Y_AUTO          shift, and go to state 2
    Y_CHAR          shift, and go to state 3
    Y_CONST         shift, and go to state 4
    Y_DOUBLE        shift, and go to state 5
    Y_ENUM          shift, and go to state 6
    Y_EXTERN        shift, and go to state 7
    Y_FLOAT         shift, and go to state 8
    Y_INT           shift, and go to state 9
    Y_LONG          shift, and go to state 10
    Y_REGISTER      shift, and go to state 11
    Y_SHORT         shift, and go to state 12
    Y_SIGNED        shift, and go to state 13
    Y_STATIC        shift, and go to state 14
    Y_STRUCT        shift, and go to state 15
    Y_TYPEDEF       shift, and go to state 16
    Y_UNION         shift, and go to state 17
    Y_UNSIGNED      shift, and go to state 18
    Y_VOID          shift, and go to state 19
    Y_VOLATILE      shift, and go to state 20
    Y_TYPEDEF_NAME  shift, and go to state 21
    Y_IMAGINARY     shift, and go to state 22
    Y_COMPLEX       shift, and go to state 23
    Y_LONG_DOUBLE   shift, and go to state 24
    Y_BOOL          shift, and go to state 25
    Y_ATOMIC        shift, and go to state 26
    Y_RESTRICT      shift, and go to state 27
    Y_INLINE        shift, and go to state 28
    Y_NORETURN      shift, and go to state 29
    Y_ALIGNAS       shift, and go to state 30
    Y_LONG_LONG     shift, and go to state 32

    $default  reduce using rule 90 (declaration_specifiers)

    declaration_specifiers     go to state 63
    storage_class_specifier    go to state 35
    type_specifier             go to state 36
    struct_or_union_specifier  go to state 37
    struct_or_union            go to state 38
    enum_specifier             go to state 39
    atomic_type_specifier      go to state 40
    type_qualifier             go to state 41
    function_specifier         go to state 42
    alignment_specifier        go to state 43


State 37

  122 type_specifier: struct_or_union_specifier .

    $default  reduce using rule 122 (type_specifier)


State 38

  125 struct_or_union_specifier: struct_or_union . Y_LEFT_BRACE struct_declaration_list Y_RIGHT_BRACE
  126                          | struct_or_union . "identifier" Y_LEFT_BRACE struct_declaration_list Y_RIGHT_BRACE
  127                          | struct_or_union . "identifier"

    "identifier"  shift, and go to state 64
    Y_LEFT_BRACE  shift, and go to state 65


State 39

  123 type_specifier: enum_specifier .

    $default  reduce using rule 123 (type_specifier)


State 40

  121 type_specifier: atomic_type_specifier .

    $default  reduce using rule 121 (type_specifier)


State 41

   91 declaration_specifiers: type_qualifier . declaration_specifiers
   92                       | type_qualifier .

    Y_THREAD_LOCAL  shift, and go to state 1
    Y_AUTO          shift, and go to state 2
    Y_CHAR          shift, and go to state 3
    Y_CONST         shift, and go to state 4
    Y_DOUBLE        shift, and go to state 5
    Y_ENUM          shift, and go to state 6
    Y_EXTERN        shift, and go to state 7
    Y_FLOAT         shift, and go to state 8
    Y_INT           shift, and go to state 9
    Y_LONG          shift, and go to state 10
    Y_REGISTER      shift, and go to state 11
    Y_SHORT         shift, and go to state 12
    Y_SIGNED        shift, and go to state 13
    Y_STATIC        shift, and go to state 14
    Y_STRUCT        shift, and go to state 15
    Y_TYPEDEF       shift, and go to state 16
    Y_UNION         shift, and go to state 17
    Y_UNSIGNED      shift, and go to state 18
    Y_VOID          shift, and go to state 19
    Y_VOLATILE      shift, and go to state 20
    Y_TYPEDEF_NAME  shift, and go to state 21
    Y_IMAGINARY     shift, and go to state 22
    Y_COMPLEX       shift, and go to state 23
    Y_LONG_DOUBLE   shift, and go to state 24
    Y_BOOL          shift, and go to state 25
    Y_ATOMIC        shift, and go to state 26
    Y_RESTRICT      shift, and go to state 27
    Y_INLINE        shift, and go to state 28
    Y_NORETURN      shift, and go to state 29
    Y_ALIGNAS       shift, and go to state 30
    Y_LONG_LONG     shift, and go to state 32

    $default  reduce using rule 92 (declaration_specifiers)

    declaration_specifiers     go to state 66
    storage_class_specifier    go to state 35
    type_specifier             go to state 36
    struct_or_union_specifier  go to state 37
    struct_or_union            go to state 38
    enum_specifier             go to state 39
    atomic_type_specifier      go to state 40
    type_qualifier             go to state 41
    function_specifier         go to state 42
    alignment_specifier        go to state 43


State 42

   93 declaration_specifiers: function_specifier . declaration_specifiers
   94                       | function_specifier .

    Y_THREAD_LOCAL  shift, and go to state 1
    Y_AUTO          shift, and go to state 2
    Y_CHAR          shift, and go to state 3
    Y_CONST         shift, and go to state 4
    Y_DOUBLE        shift, and go to state 5
    Y_ENUM          shift, and go to state 6
    Y_EXTERN        shift, and go to state 7
    Y_FLOAT         shift, and go to state 8
    Y_INT           shift, and go to state 9
    Y_LONG          shift, and go to state 10
    Y_REGISTER      shift, and go to state 11
    Y_SHORT         shift, and go to state 12
    Y_SIGNED        shift, and go to state 13
    Y_STATIC        shift, and go to state 14
    Y_STRUCT        shift, and go to state 15
    Y_TYPEDEF       shift, and go to state 16
    Y_UNION         shift, and go to state 17
    Y_UNSIGNED      shift, and go to state 18
    Y_VOID          shift, and go to state 19
    Y_VOLATILE      shift, and go to state 20
    Y_TYPEDEF_NAME  shift, and go to state 21
    Y_IMAGINARY     shift, and go to state 22
    Y_COMPLEX       shift, and go to state 23
    Y_LONG_DOUBLE   shift, and go to state 24
    Y_BOOL          shift, and go to state 25
    Y_ATOMIC        shift, and go to state 26
    Y_RESTRICT      shift, and go to state 27
    Y_INLINE        shift, and go to state 28
    Y_NORETURN      shift, and go to state 29
    Y_ALIGNAS       shift, and go to state 30
    Y_LONG_LONG     shift, and go to state 32

    $default  reduce using rule 94 (declaration_specifiers)

    declaration_specifiers     go to state 67
    storage_class_specifier    go to state 35
    type_specifier             go to state 36
    struct_or_union_specifier  go to state 37
    struct_or_union            go to state 38
    enum_specifier             go to state 39
    atomic_type_specifier      go to state 40
    type_qualifier             go to state 41
    function_specifier         go to state 42
    alignment_specifier        go to state 43


State 43

   95 declaration_specifiers: alignment_specifier . declaration_specifiers
   96                       | alignment_specifier .

    Y_THREAD_LOCAL  shift, and go to state 1
    Y_AUTO          shift, and go to state 2
    Y_CHAR          shift, and go to state 3
    Y_CONST         shift, and go to state 4
    Y_DOUBLE        shift, and go to state 5
    Y_ENUM          shift, and go to state 6
    Y_EXTERN        shift, and go to state 7
    Y_FLOAT         shift, and go to state 8
    Y_INT           shift, and go to state 9
    Y_LONG          shift, and go to state 10
    Y_REGISTER      shift, and go to state 11
    Y_SHORT         shift, and go to state 12
    Y_SIGNED        shift, and go to state 13
    Y_STATIC        shift, and go to state 14
    Y_STRUCT        shift, and go to state 15
    Y_TYPEDEF       shift, and go to state 16
    Y_UNION         shift, and go to state 17
    Y_UNSIGNED      shift, and go to state 18
    Y_VOID          shift, and go to state 19
    Y_VOLATILE      shift, and go to state 20
    Y_TYPEDEF_NAME  shift, and go to state 21
    Y_IMAGINARY     shift, and go to state 22
    Y_COMPLEX       shift, and go to state 23
    Y_LONG_DOUBLE   shift, and go to state 24
    Y_BOOL          shift, and go to state 25
    Y_ATOMIC        shift, and go to state 26
    Y_RESTRICT      shift, and go to state 27
    Y_INLINE        shift, and go to state 28
    Y_NORETURN      shift, and go to state 29
    Y_ALIGNAS       shift, and go to state 30
    Y_LONG_LONG     shift, and go to state 32

    $default  reduce using rule 96 (declaration_specifiers)

    declaration_specifiers     go to state 68
    storage_class_specifier    go to state 35
    type_specifier             go to state 36
    struct_or_union_specifier  go to state 37
    struct_or_union            go to state 38
    enum_specifier             go to state 39
    atomic_type_specifier      go to state 40
    type_qualifier             go to state 41
    function_specifier         go to state 42
    alignment_specifier        go to state 43


State 44

   86 declaration: static_assert_declaration .

    $default  reduce using rule 86 (declaration)


State 45

    0 $accept: translation_unit . "end of file"
  264 translation_unit: translation_unit . external_declaration

    "end of file"    shift, and go to state 69
    Y_THREAD_LOCAL   shift, and go to state 1
    Y_AUTO           shift, and go to state 2
    Y_CHAR           shift, and go to state 3
    Y_CONST          shift, and go to state 4
    Y_DOUBLE         shift, and go to state 5
    Y_ENUM           shift, and go to state 6
    Y_EXTERN         shift, and go to state 7
    Y_FLOAT          shift, and go to state 8
    Y_INT            shift, and go to state 9
    Y_LONG           shift, and go to state 10
    Y_REGISTER       shift, and go to state 11
    Y_SHORT          shift, and go to state 12
    Y_SIGNED         shift, and go to state 13
    Y_STATIC         shift, and go to state 14
    Y_STRUCT         shift, and go to state 15
    Y_TYPEDEF        shift, and go to state 16
    Y_UNION          shift, and go to state 17
    Y_UNSIGNED       shift, and go to state 18
    Y_VOID           shift, and go to state 19
    Y_VOLATILE       shift, and go to state 20
    Y_TYPEDEF_NAME   shift, and go to state 21
    Y_IMAGINARY      shift, and go to state 22
    Y_COMPLEX        shift, and go to state 23
    Y_LONG_DOUBLE    shift, and go to state 24
    Y_BOOL           shift, and go to state 25
    Y_ATOMIC         shift, and go to state 26
    Y_RESTRICT       shift, and go to state 27
    Y_INLINE         shift, and go to state 28
    Y_NORETURN       shift, and go to state 29
    Y_ALIGNAS        shift, and go to state 30
    Y_STATIC_ASSERT  shift, and go to state 31
    Y_LONG_LONG      shift, and go to state 32

    declaration                go to state 33
    declaration_specifiers     go to state 34
    storage_class_specifier    go to state 35
    type_specifier             go to state 36
    struct_or_union_specifier  go to state 37
    struct_or_union            go to state 38
    enum_specifier             go to state 39
    atomic_type_specifier      go to state 40
    type_qualifier             go to state 41
    function_specifier         go to state 42
    alignment_specifier        go to state 43
    static_assert_declaration  go to state 44
    external_declaration       go to state 70
    function_definition        go to state 47


State 46

  263 translation_unit: external_declaration .

    $default  reduce using rule 263 (translation_unit)


State 47

  265 external_declaration: function_definition .

    $default  reduce using rule 265 (external_declaration)


State 48

  146 enum_specifier: Y_ENUM "identifier" . Y_LEFT_BRACE enumerator_list Y_RIGHT_BRACE
  147               | Y_ENUM "identifier" . Y_LEFT_BRACE enumerator_list Y_COMMA Y_RIGHT_BRACE
  148               | Y_ENUM "identifier" .

    Y_LEFT_BRACE  shift, and go to state 71

    $default  reduce using rule 148 (enum_specifier)


State 49

  144 enum_specifier: Y_ENUM Y_LEFT_BRACE . enumerator_list Y_RIGHT_BRACE
  145               | Y_ENUM Y_LEFT_BRACE . enumerator_list Y_COMMA Y_RIGHT_BRACE

    "identifier"  shift, and go to state 72

    enumeration_constant  go to state 73
    enumerator_list       go to state 74
    enumerator            go to state 75


State 50

  153 atomic_type_specifier: Y_ATOMIC Y_LEFT_PAREN . type_name Y_RIGHT_PAREN

    Y_CHAR          shift, and go to state 3
    Y_CONST         shift, and go to state 4
    Y_DOUBLE        shift, and go to state 5
    Y_ENUM          shift, and go to state 6
    Y_FLOAT         shift, and go to state 8
    Y_INT           shift, and go to state 9
    Y_LONG          shift, and go to state 10
    Y_SHORT         shift, and go to state 12
    Y_SIGNED        shift, and go to state 13
    Y_STRUCT        shift, and go to state 15
    Y_UNION         shift, and go to state 17
    Y_UNSIGNED      shift, and go to state 18
    Y_VOID          shift, and go to state 19
    Y_VOLATILE      shift, and go to state 20
    Y_TYPEDEF_NAME  shift, and go to state 21
    Y_IMAGINARY     shift, and go to state 22
    Y_COMPLEX       shift, and go to state 23
    Y_LONG_DOUBLE   shift, and go to state 24
    Y_BOOL          shift, and go to state 25
    Y_ATOMIC        shift, and go to state 26
    Y_RESTRICT      shift, and go to state 27
    Y_LONG_LONG     shift, and go to state 32

    type_specifier             go to state 76
    struct_or_union_specifier  go to state 37
    struct_or_union            go to state 38
    specifier_qualifier_list   go to state 77
    enum_specifier             go to state 39
    atomic_type_specifier      go to state 40
    type_qualifier             go to state 78
    type_name                  go to state 79


State 51

  160 alignment_specifier: Y_ALIGNAS Y_LEFT_PAREN . type_name Y_RIGHT_PAREN
  161                    | Y_ALIGNAS Y_LEFT_PAREN . constant_expression Y_RIGHT_PAREN

    "identifier"            shift, and go to state 80
    "i_const"               shift, and go to state 81
    "f_const"               shift, and go to state 82
    "sting_literal"         shift, and go to state 83
    Y_EXCLAMATION           shift, and go to state 84
    Y_AND                   shift, and go to state 85
    Y_LEFT_PAREN            shift, and go to state 86
    Y_TIMES                 shift, and go to state 87
    Y_PLUS                  shift, and go to state 88
    Y_PLUS_PLUS             shift, and go to state 89
    Y_MINUS                 shift, and go to state 90
    Y_MINUS_MINUS           shift, and go to state 91
    Y_CHAR                  shift, and go to state 3
    Y_CONST                 shift, and go to state 4
    Y_DOUBLE                shift, and go to state 5
    Y_ENUM                  shift, and go to state 6
    Y_FLOAT                 shift, and go to state 8
    Y_INT                   shift, and go to state 9
    Y_LONG                  shift, and go to state 10
    Y_SHORT                 shift, and go to state 12
    Y_SIGNED                shift, and go to state 13
    Y_SIZEOF                shift, and go to state 92
    Y_STRUCT                shift, and go to state 15
    Y_UNION                 shift, and go to state 17
    Y_UNSIGNED              shift, and go to state 18
    Y_VOID                  shift, and go to state 19
    Y_VOLATILE              shift, and go to state 20
    Y_TILDE                 shift, and go to state 93
    Y_TYPEDEF_NAME          shift, and go to state 21
    Y_ENUMERATION_CONSTANT  shift, and go to state 94
    Y_FUNC_NAME             shift, and go to state 95
    Y_ALIGNOF               shift, and go to state 96
    Y_IMAGINARY             shift, and go to state 22
    Y_COMPLEX               shift, and go to state 23
    Y_LONG_DOUBLE           shift, and go to state 24
    Y_BOOL                  shift, and go to state 25
    Y_ATOMIC                shift, and go to state 26
    Y_RESTRICT              shift, and go to state 27
    Y_LONG_LONG             shift, and go to state 32

    primary_expression         go to state 97
    constant                   go to state 98
    string                     go to state 99
    postfix_expression         go to state 100
    unary_expression           go to state 101
    unary_operator             go to state 102
    cast_expression            go to state 103
    multiplicative_expression  go to state 104
    additive_expression        go to state 105
    shift_expression           go to state 106
    relational_expression      go to state 107
    equality_expression        go to state 108
    and_expression             go to state 109
    exclusive_or_expression    go to state 110
    inclusive_or_expression    go to state 111
    logical_and_expression     go to state 112
    logical_or_expression      go to state 113
    conditional_expression     go to state 114
    constant_expression        go to state 115
    type_specifier             go to state 76
    struct_or_union_specifier  go to state 37
    struct_or_union            go to state 38
    specifier_qualifier_list   go to state 77
    enum_specifier             go to state 39
    atomic_type_specifier      go to state 40
    type_qualifier             go to state 78
    type_name                  go to state 116


State 52

  231 static_assert_declaration: Y_STATIC_ASSERT Y_LEFT_PAREN . constant_expression Y_COMMA "sting_literal" Y_RIGHT_PAREN Y_SEMICOLON

    "identifier"            shift, and go to state 80
    "i_const"               shift, and go to state 81
    "f_const"               shift, and go to state 82
    "sting_literal"         shift, and go to state 83
    Y_EXCLAMATION           shift, and go to state 84
    Y_AND                   shift, and go to state 85
    Y_LEFT_PAREN            shift, and go to state 86
    Y_TIMES                 shift, and go to state 87
    Y_PLUS                  shift, and go to state 88
    Y_PLUS_PLUS             shift, and go to state 89
    Y_MINUS                 shift, and go to state 90
    Y_MINUS_MINUS           shift, and go to state 91
    Y_SIZEOF                shift, and go to state 92
    Y_TILDE                 shift, and go to state 93
    Y_ENUMERATION_CONSTANT  shift, and go to state 94
    Y_FUNC_NAME             shift, and go to state 95
    Y_ALIGNOF               shift, and go to state 96

    primary_expression         go to state 97
    constant                   go to state 98
    string                     go to state 99
    postfix_expression         go to state 100
    unary_expression           go to state 101
    unary_operator             go to state 102
    cast_expression            go to state 103
    multiplicative_expression  go to state 104
    additive_expression        go to state 105
    shift_expression           go to state 106
    relational_expression      go to state 107
    equality_expression        go to state 108
    and_expression             go to state 109
    exclusive_or_expression    go to state 110
    inclusive_or_expression    go to state 111
    logical_and_expression     go to state 112
    logical_or_expression      go to state 113
    conditional_expression     go to state 114
    constant_expression        go to state 117


State 53

  164 direct_declarator: "identifier" .

    $default  reduce using rule 164 (direct_declarator)


State 54

  165 direct_declarator: Y_LEFT_PAREN . declarator Y_RIGHT_PAREN

    "identifier"  shift, and go to state 53
    Y_LEFT_PAREN  shift, and go to state 54
    Y_TIMES       shift, and go to state 55

    declarator         go to state 118
    direct_declarator  go to state 60
    pointer            go to state 61


State 55

  178 pointer: Y_TIMES . type_qualifier_list pointer
  179        | Y_TIMES . type_qualifier_list
  180        | Y_TIMES . pointer
  181        | Y_TIMES .

    Y_TIMES     shift, and go to state 55
    Y_CONST     shift, and go to state 4
    Y_VOLATILE  shift, and go to state 20
    Y_ATOMIC    shift, and go to state 119
    Y_RESTRICT  shift, and go to state 27

    $default  reduce using rule 181 (pointer)

    type_qualifier       go to state 120
    pointer              go to state 121
    type_qualifier_list  go to state 122


State 56

   84 declaration: declaration_specifiers Y_SEMICOLON .

    $default  reduce using rule 84 (declaration)


State 57

   85 declaration: declaration_specifiers init_declarator_list . Y_SEMICOLON
   98 init_declarator_list: init_declarator_list . Y_COMMA init_declarator

    Y_COMMA      shift, and go to state 123
    Y_SEMICOLON  shift, and go to state 124


State 58

   97 init_declarator_list: init_declarator .

    $default  reduce using rule 97 (init_declarator_list)


State 59

   99 init_declarator: declarator . Y_EQUAL initializer
  100                | declarator .
  267 function_definition: declaration_specifiers declarator . declaration_list compound_statement
  268                    | declaration_specifiers declarator . compound_statement

    Y_EQUAL          shift, and go to state 125
    Y_THREAD_LOCAL   shift, and go to state 1
    Y_AUTO           shift, and go to state 2
    Y_CHAR           shift, and go to state 3
    Y_CONST          shift, and go to state 4
    Y_DOUBLE         shift, and go to state 5
    Y_ENUM           shift, and go to state 6
    Y_EXTERN         shift, and go to state 7
    Y_FLOAT          shift, and go to state 8
    Y_INT            shift, and go to state 9
    Y_LONG           shift, and go to state 10
    Y_REGISTER       shift, and go to state 11
    Y_SHORT          shift, and go to state 12
    Y_SIGNED         shift, and go to state 13
    Y_STATIC         shift, and go to state 14
    Y_STRUCT         shift, and go to state 15
    Y_TYPEDEF        shift, and go to state 16
    Y_UNION          shift, and go to state 17
    Y_UNSIGNED       shift, and go to state 18
    Y_VOID           shift, and go to state 19
    Y_VOLATILE       shift, and go to state 20
    Y_LEFT_BRACE     shift, and go to state 126
    Y_TYPEDEF_NAME   shift, and go to state 21
    Y_IMAGINARY      shift, and go to state 22
    Y_COMPLEX        shift, and go to state 23
    Y_LONG_DOUBLE    shift, and go to state 24
    Y_BOOL           shift, and go to state 25
    Y_ATOMIC         shift, and go to state 26
    Y_RESTRICT       shift, and go to state 27
    Y_INLINE         shift, and go to state 28
    Y_NORETURN       shift, and go to state 29
    Y_ALIGNAS        shift, and go to state 30
    Y_STATIC_ASSERT  shift, and go to state 31
    Y_LONG_LONG      shift, and go to state 32

    $default  reduce using rule 100 (init_declarator)

    declaration                go to state 127
    declaration_specifiers     go to state 128
    storage_class_specifier    go to state 35
    type_specifier             go to state 36
    struct_or_union_specifier  go to state 37
    struct_or_union            go to state 38
    enum_specifier             go to state 39
    atomic_type_specifier      go to state 40
    type_qualifier             go to state 41
    function_specifier         go to state 42
    alignment_specifier        go to state 43
    static_assert_declaration  go to state 44
    compound_statement         go to state 129
    declaration_list           go to state 130


State 60

  163 declarator: direct_declarator .
  166 direct_declarator: direct_declarator . Y_LEFT_BRACKET Y_RIGHT_BRACKET
  167                  | direct_declarator . Y_LEFT_BRACKET Y_TIMES Y_RIGHT_BRACKET
  168                  | direct_declarator . Y_LEFT_BRACKET Y_STATIC type_qualifier_list assignment_expression Y_RIGHT_BRACKET
  169                  | direct_declarator . Y_LEFT_BRACKET Y_STATIC assignment_expression Y_RIGHT_BRACKET
  170                  | direct_declarator . Y_LEFT_BRACKET type_qualifier_list Y_TIMES Y_RIGHT_BRACKET
  171                  | direct_declarator . Y_LEFT_BRACKET type_qualifier_list Y_STATIC assignment_expression Y_RIGHT_BRACKET
  172                  | direct_declarator . Y_LEFT_BRACKET type_qualifier_list assignment_expression Y_RIGHT_BRACKET
  173                  | direct_declarator . Y_LEFT_BRACKET type_qualifier_list Y_RIGHT_BRACKET
  174                  | direct_declarator . Y_LEFT_BRACKET assignment_expression Y_RIGHT_BRACKET
  175                  | direct_declarator . Y_LEFT_PAREN parameter_type_list Y_RIGHT_PAREN
  176                  | direct_declarator . Y_LEFT_PAREN Y_RIGHT_PAREN
  177                  | direct_declarator . Y_LEFT_PAREN identifier_list Y_RIGHT_PAREN

    Y_LEFT_PAREN    shift, and go to state 131
    Y_LEFT_BRACKET  shift, and go to state 132

    $default  reduce using rule 163 (declarator)


State 61

  162 declarator: pointer . direct_declarator

    "identifier"  shift, and go to state 53
    Y_LEFT_PAREN  shift, and go to state 54

    direct_declarator  go to state 133


State 62

   87 declaration_specifiers: storage_class_specifier declaration_specifiers .

    $default  reduce using rule 87 (declaration_specifiers)


State 63

   89 declaration_specifiers: type_specifier declaration_specifiers .

    $default  reduce using rule 89 (declaration_specifiers)


State 64

  126 struct_or_union_specifier: struct_or_union "identifier" . Y_LEFT_BRACE struct_declaration_list Y_RIGHT_BRACE
  127                          | struct_or_union "identifier" .

    Y_LEFT_BRACE  shift, and go to state 134

    $default  reduce using rule 127 (struct_or_union_specifier)


State 65

  125 struct_or_union_specifier: struct_or_union Y_LEFT_BRACE . struct_declaration_list Y_RIGHT_BRACE

    Y_CHAR           shift, and go to state 3
    Y_CONST          shift, and go to state 4
    Y_DOUBLE         shift, and go to state 5
    Y_ENUM           shift, and go to state 6
    Y_FLOAT          shift, and go to state 8
    Y_INT            shift, and go to state 9
    Y_LONG           shift, and go to state 10
    Y_SHORT          shift, and go to state 12
    Y_SIGNED         shift, and go to state 13
    Y_STRUCT         shift, and go to state 15
    Y_UNION          shift, and go to state 17
    Y_UNSIGNED       shift, and go to state 18
    Y_VOID           shift, and go to state 19
    Y_VOLATILE       shift, and go to state 20
    Y_TYPEDEF_NAME   shift, and go to state 21
    Y_IMAGINARY      shift, and go to state 22
    Y_COMPLEX        shift, and go to state 23
    Y_LONG_DOUBLE    shift, and go to state 24
    Y_BOOL           shift, and go to state 25
    Y_ATOMIC         shift, and go to state 26
    Y_RESTRICT       shift, and go to state 27
    Y_STATIC_ASSERT  shift, and go to state 31
    Y_LONG_LONG      shift, and go to state 32

    type_specifier             go to state 76
    struct_or_union_specifier  go to state 37
    struct_or_union            go to state 38
    struct_declaration_list    go to state 135
    struct_declaration         go to state 136
    specifier_qualifier_list   go to state 137
    enum_specifier             go to state 39
    atomic_type_specifier      go to state 40
    type_qualifier             go to state 78
    static_assert_declaration  go to state 138


State 66

   91 declaration_specifiers: type_qualifier declaration_specifiers .

    $default  reduce using rule 91 (declaration_specifiers)


State 67

   93 declaration_specifiers: function_specifier declaration_specifiers .

    $default  reduce using rule 93 (declaration_specifiers)


State 68

   95 declaration_specifiers: alignment_specifier declaration_specifiers .

    $default  reduce using rule 95 (declaration_specifiers)


State 69

    0 $accept: translation_unit "end of file" .

    $default  accept


State 70

  264 translation_unit: translation_unit external_declaration .

    $default  reduce using rule 264 (translation_unit)


State 71

  146 enum_specifier: Y_ENUM "identifier" Y_LEFT_BRACE . enumerator_list Y_RIGHT_BRACE
  147               | Y_ENUM "identifier" Y_LEFT_BRACE . enumerator_list Y_COMMA Y_RIGHT_BRACE

    "identifier"  shift, and go to state 72

    enumeration_constant  go to state 73
    enumerator_list       go to state 139
    enumerator            go to state 75


State 72

    8 enumeration_constant: "identifier" .

    $default  reduce using rule 8 (enumeration_constant)


State 73

  151 enumerator: enumeration_constant . Y_EQUAL constant_expression
  152           | enumeration_constant .

    Y_EQUAL  shift, and go to state 140

    $default  reduce using rule 152 (enumerator)


State 74

  144 enum_specifier: Y_ENUM Y_LEFT_BRACE enumerator_list . Y_RIGHT_BRACE
  145               | Y_ENUM Y_LEFT_BRACE enumerator_list . Y_COMMA Y_RIGHT_BRACE
  150 enumerator_list: enumerator_list . Y_COMMA enumerator

    Y_COMMA        shift, and go to state 141
    Y_RIGHT_BRACE  shift, and go to state 142


State 75

  149 enumerator_list: enumerator .

    $default  reduce using rule 149 (enumerator_list)


State 76

  135 specifier_qualifier_list: type_specifier . specifier_qualifier_list
  136                         | type_specifier .

    Y_CHAR          shift, and go to state 3
    Y_CONST         shift, and go to state 4
    Y_DOUBLE        shift, and go to state 5
    Y_ENUM          shift, and go to state 6
    Y_FLOAT         shift, and go to state 8
    Y_INT           shift, and go to state 9
    Y_LONG          shift, and go to state 10
    Y_SHORT         shift, and go to state 12
    Y_SIGNED        shift, and go to state 13
    Y_STRUCT        shift, and go to state 15
    Y_UNION         shift, and go to state 17
    Y_UNSIGNED      shift, and go to state 18
    Y_VOID          shift, and go to state 19
    Y_VOLATILE      shift, and go to state 20
    Y_TYPEDEF_NAME  shift, and go to state 21
    Y_IMAGINARY     shift, and go to state 22
    Y_COMPLEX       shift, and go to state 23
    Y_LONG_DOUBLE   shift, and go to state 24
    Y_BOOL          shift, and go to state 25
    Y_ATOMIC        shift, and go to state 26
    Y_RESTRICT      shift, and go to state 27
    Y_LONG_LONG     shift, and go to state 32

    $default  reduce using rule 136 (specifier_qualifier_list)

    type_specifier             go to state 76
    struct_or_union_specifier  go to state 37
    struct_or_union            go to state 38
    specifier_qualifier_list   go to state 143
    enum_specifier             go to state 39
    atomic_type_specifier      go to state 40
    type_qualifier             go to state 78


State 77

  193 type_name: specifier_qualifier_list . abstract_declarator
  194          | specifier_qualifier_list .

    Y_LEFT_PAREN    shift, and go to state 144
    Y_TIMES         shift, and go to state 55
    Y_LEFT_BRACKET  shift, and go to state 145

    $default  reduce using rule 194 (type_name)

    pointer                     go to state 146
    abstract_declarator         go to state 147
    direct_abstract_declarator  go to state 148


State 78

  137 specifier_qualifier_list: type_qualifier . specifier_qualifier_list
  138                         | type_qualifier .

    Y_CHAR          shift, and go to state 3
    Y_CONST         shift, and go to state 4
    Y_DOUBLE        shift, and go to state 5
    Y_ENUM          shift, and go to state 6
    Y_FLOAT         shift, and go to state 8
    Y_INT           shift, and go to state 9
    Y_LONG          shift, and go to state 10
    Y_SHORT         shift, and go to state 12
    Y_SIGNED        shift, and go to state 13
    Y_STRUCT        shift, and go to state 15
    Y_UNION         shift, and go to state 17
    Y_UNSIGNED      shift, and go to state 18
    Y_VOID          shift, and go to state 19
    Y_VOLATILE      shift, and go to state 20
    Y_TYPEDEF_NAME  shift, and go to state 21
    Y_IMAGINARY     shift, and go to state 22
    Y_COMPLEX       shift, and go to state 23
    Y_LONG_DOUBLE   shift, and go to state 24
    Y_BOOL          shift, and go to state 25
    Y_ATOMIC        shift, and go to state 26
    Y_RESTRICT      shift, and go to state 27
    Y_LONG_LONG     shift, and go to state 32

    $default  reduce using rule 138 (specifier_qualifier_list)

    type_specifier             go to state 76
    struct_or_union_specifier  go to state 37
    struct_or_union            go to state 38
    specifier_qualifier_list   go to state 149
    enum_specifier             go to state 39
    atomic_type_specifier      go to state 40
    type_qualifier             go to state 78


State 79

  153 atomic_type_specifier: Y_ATOMIC Y_LEFT_PAREN type_name . Y_RIGHT_PAREN

    Y_RIGHT_PAREN  shift, and go to state 150


State 80

    1 primary_expression: "identifier" .

    $default  reduce using rule 1 (primary_expression)


State 81

    5 constant: "i_const" .

    $default  reduce using rule 5 (constant)


State 82

    6 constant: "f_const" .

    $default  reduce using rule 6 (constant)


State 83

    9 string: "sting_literal" .

    $default  reduce using rule 9 (string)


State 84

   35 unary_operator: Y_EXCLAMATION .

    $default  reduce using rule 35 (unary_operator)


State 85

   30 unary_operator: Y_AND .

    $default  reduce using rule 30 (unary_operator)


State 86

    4 primary_expression: Y_LEFT_PAREN . expression Y_RIGHT_PAREN
   19 postfix_expression: Y_LEFT_PAREN . type_name Y_RIGHT_PAREN Y_LEFT_BRACE initializer_list Y_RIGHT_BRACE
   20                   | Y_LEFT_PAREN . type_name Y_RIGHT_PAREN Y_LEFT_BRACE initializer_list Y_COMMA Y_RIGHT_BRACE
   37 cast_expression: Y_LEFT_PAREN . type_name Y_RIGHT_PAREN cast_expression

    "identifier"            shift, and go to state 80
    "i_const"               shift, and go to state 81
    "f_const"               shift, and go to state 82
    "sting_literal"         shift, and go to state 83
    Y_EXCLAMATION           shift, and go to state 84
    Y_AND                   shift, and go to state 85
    Y_LEFT_PAREN            shift, and go to state 86
    Y_TIMES                 shift, and go to state 87
    Y_PLUS                  shift, and go to state 88
    Y_PLUS_PLUS             shift, and go to state 89
    Y_MINUS                 shift, and go to state 90
    Y_MINUS_MINUS           shift, and go to state 91
    Y_CHAR                  shift, and go to state 3
    Y_CONST                 shift, and go to state 4
    Y_DOUBLE                shift, and go to state 5
    Y_ENUM                  shift, and go to state 6
    Y_FLOAT                 shift, and go to state 8
    Y_INT                   shift, and go to state 9
    Y_LONG                  shift, and go to state 10
    Y_SHORT                 shift, and go to state 12
    Y_SIGNED                shift, and go to state 13
    Y_SIZEOF                shift, and go to state 92
    Y_STRUCT                shift, and go to state 15
    Y_UNION                 shift, and go to state 17
    Y_UNSIGNED              shift, and go to state 18
    Y_VOID                  shift, and go to state 19
    Y_VOLATILE              shift, and go to state 20
    Y_TILDE                 shift, and go to state 93
    Y_TYPEDEF_NAME          shift, and go to state 21
    Y_ENUMERATION_CONSTANT  shift, and go to state 94
    Y_FUNC_NAME             shift, and go to state 95
    Y_ALIGNOF               shift, and go to state 96
    Y_IMAGINARY             shift, and go to state 22
    Y_COMPLEX               shift, and go to state 23
    Y_LONG_DOUBLE           shift, and go to state 24
    Y_BOOL                  shift, and go to state 25
    Y_ATOMIC                shift, and go to state 26
    Y_RESTRICT              shift, and go to state 27
    Y_LONG_LONG             shift, and go to state 32

    primary_expression         go to state 97
    constant                   go to state 98
    string                     go to state 99
    postfix_expression         go to state 100
    unary_expression           go to state 151
    unary_operator             go to state 102
    cast_expression            go to state 103
    multiplicative_expression  go to state 104
    additive_expression        go to state 105
    shift_expression           go to state 106
    relational_expression      go to state 107
    equality_expression        go to state 108
    and_expression             go to state 109
    exclusive_or_expression    go to state 110
    inclusive_or_expression    go to state 111
    logical_and_expression     go to state 112
    logical_or_expression      go to state 113
    conditional_expression     go to state 152
    assignment_expression      go to state 153
    expression                 go to state 154
    type_specifier             go to state 76
    struct_or_union_specifier  go to state 37
    struct_or_union            go to state 38
    specifier_qualifier_list   go to state 77
    enum_specifier             go to state 39
    atomic_type_specifier      go to state 40
    type_qualifier             go to state 78
    type_name                  go to state 155


State 87

   31 unary_operator: Y_TIMES .

    $default  reduce using rule 31 (unary_operator)


State 88

   32 unary_operator: Y_PLUS .

    $default  reduce using rule 32 (unary_operator)


State 89

   24 unary_expression: Y_PLUS_PLUS . unary_expression

    "identifier"            shift, and go to state 80
    "i_const"               shift, and go to state 81
    "f_const"               shift, and go to state 82
    "sting_literal"         shift, and go to state 83
    Y_EXCLAMATION           shift, and go to state 84
    Y_AND                   shift, and go to state 85
    Y_LEFT_PAREN            shift, and go to state 156
    Y_TIMES                 shift, and go to state 87
    Y_PLUS                  shift, and go to state 88
    Y_PLUS_PLUS             shift, and go to state 89
    Y_MINUS                 shift, and go to state 90
    Y_MINUS_MINUS           shift, and go to state 91
    Y_SIZEOF                shift, and go to state 92
    Y_TILDE                 shift, and go to state 93
    Y_ENUMERATION_CONSTANT  shift, and go to state 94
    Y_FUNC_NAME             shift, and go to state 95
    Y_ALIGNOF               shift, and go to state 96

    primary_expression  go to state 97
    constant            go to state 98
    string              go to state 99
    postfix_expression  go to state 100
    unary_expression    go to state 157
    unary_operator      go to state 102


State 90

   33 unary_operator: Y_MINUS .

    $default  reduce using rule 33 (unary_operator)


State 91

   25 unary_expression: Y_MINUS_MINUS . unary_expression

    "identifier"            shift, and go to state 80
    "i_const"               shift, and go to state 81
    "f_const"               shift, and go to state 82
    "sting_literal"         shift, and go to state 83
    Y_EXCLAMATION           shift, and go to state 84
    Y_AND                   shift, and go to state 85
    Y_LEFT_PAREN            shift, and go to state 156
    Y_TIMES                 shift, and go to state 87
    Y_PLUS                  shift, and go to state 88
    Y_PLUS_PLUS             shift, and go to state 89
    Y_MINUS                 shift, and go to state 90
    Y_MINUS_MINUS           shift, and go to state 91
    Y_SIZEOF                shift, and go to state 92
    Y_TILDE                 shift, and go to state 93
    Y_ENUMERATION_CONSTANT  shift, and go to state 94
    Y_FUNC_NAME             shift, and go to state 95
    Y_ALIGNOF               shift, and go to state 96

    primary_expression  go to state 97
    constant            go to state 98
    string              go to state 99
    postfix_expression  go to state 100
    unary_expression    go to state 158
    unary_operator      go to state 102


State 92

   27 unary_expression: Y_SIZEOF . unary_expression
   28                 | Y_SIZEOF . Y_LEFT_PAREN type_name Y_RIGHT_PAREN

    "identifier"            shift, and go to state 80
    "i_const"               shift, and go to state 81
    "f_const"               shift, and go to state 82
    "sting_literal"         shift, and go to state 83
    Y_EXCLAMATION           shift, and go to state 84
    Y_AND                   shift, and go to state 85
    Y_LEFT_PAREN            shift, and go to state 159
    Y_TIMES                 shift, and go to state 87
    Y_PLUS                  shift, and go to state 88
    Y_PLUS_PLUS             shift, and go to state 89
    Y_MINUS                 shift, and go to state 90
    Y_MINUS_MINUS           shift, and go to state 91
    Y_SIZEOF                shift, and go to state 92
    Y_TILDE                 shift, and go to state 93
    Y_ENUMERATION_CONSTANT  shift, and go to state 94
    Y_FUNC_NAME             shift, and go to state 95
    Y_ALIGNOF               shift, and go to state 96

    primary_expression  go to state 97
    constant            go to state 98
    string              go to state 99
    postfix_expression  go to state 100
    unary_expression    go to state 160
    unary_operator      go to state 102


State 93

   34 unary_operator: Y_TILDE .

    $default  reduce using rule 34 (unary_operator)


State 94

    7 constant: Y_ENUMERATION_CONSTANT .

    $default  reduce using rule 7 (constant)


State 95

   10 string: Y_FUNC_NAME .

    $default  reduce using rule 10 (string)


State 96

   29 unary_expression: Y_ALIGNOF . Y_LEFT_PAREN type_name Y_RIGHT_PAREN

    Y_LEFT_PAREN  shift, and go to state 161


State 97

   11 postfix_expression: primary_expression .

    $default  reduce using rule 11 (postfix_expression)


State 98

    2 primary_expression: constant .

    $default  reduce using rule 2 (primary_expression)


State 99

    3 primary_expression: string .

    $default  reduce using rule 3 (primary_expression)


State 100

   12 postfix_expression: postfix_expression . Y_LEFT_BRACKET expression Y_RIGHT_BRACKET
   13                   | postfix_expression . Y_LEFT_PAREN Y_RIGHT_PAREN
   14                   | postfix_expression . Y_LEFT_PAREN argument_expression_list Y_RIGHT_PAREN
   15                   | postfix_expression . Y_DOT "identifier"
   16                   | postfix_expression . Y_ARROW "identifier"
   17                   | postfix_expression . Y_PLUS_PLUS
   18                   | postfix_expression . Y_MINUS_MINUS
   23 unary_expression: postfix_expression .

    Y_LEFT_PAREN    shift, and go to state 162
    Y_PLUS_PLUS     shift, and go to state 163
    Y_MINUS_MINUS   shift, and go to state 164
    Y_ARROW         shift, and go to state 165
    Y_DOT           shift, and go to state 166
    Y_LEFT_BRACKET  shift, and go to state 167

    $default  reduce using rule 23 (unary_expression)


State 101

   36 cast_expression: unary_expression .

    $default  reduce using rule 36 (cast_expression)


State 102

   26 unary_expression: unary_operator . cast_expression

    "identifier"            shift, and go to state 80
    "i_const"               shift, and go to state 81
    "f_const"               shift, and go to state 82
    "sting_literal"         shift, and go to state 83
    Y_EXCLAMATION           shift, and go to state 84
    Y_AND                   shift, and go to state 85
    Y_LEFT_PAREN            shift, and go to state 86
    Y_TIMES                 shift, and go to state 87
    Y_PLUS                  shift, and go to state 88
    Y_PLUS_PLUS             shift, and go to state 89
    Y_MINUS                 shift, and go to state 90
    Y_MINUS_MINUS           shift, and go to state 91
    Y_SIZEOF                shift, and go to state 92
    Y_TILDE                 shift, and go to state 93
    Y_ENUMERATION_CONSTANT  shift, and go to state 94
    Y_FUNC_NAME             shift, and go to state 95
    Y_ALIGNOF               shift, and go to state 96

    primary_expression  go to state 97
    constant            go to state 98
    string              go to state 99
    postfix_expression  go to state 100
    unary_expression    go to state 101
    unary_operator      go to state 102
    cast_expression     go to state 168


State 103

   38 multiplicative_expression: cast_expression .

    $default  reduce using rule 38 (multiplicative_expression)


State 104

   39 multiplicative_expression: multiplicative_expression . Y_TIMES cast_expression
   40                          | multiplicative_expression . Y_DIVIDE cast_expression
   41                          | multiplicative_expression . Y_PERCENT cast_expression
   42 additive_expression: multiplicative_expression .

    Y_TIMES    shift, and go to state 169
    Y_DIVIDE   shift, and go to state 170
    Y_PERCENT  shift, and go to state 171

    $default  reduce using rule 42 (additive_expression)


State 105

   43 additive_expression: additive_expression . Y_PLUS multiplicative_expression
   44                    | additive_expression . Y_MINUS multiplicative_expression
   45 shift_expression: additive_expression .

    Y_PLUS   shift, and go to state 172
    Y_MINUS  shift, and go to state 173

    $default  reduce using rule 45 (shift_expression)


State 106

   46 shift_expression: shift_expression . Y_RSHIFT additive_expression
   47                 | shift_expression . Y_LSHIFT additive_expression
   48 relational_expression: shift_expression .

    Y_LSHIFT  shift, and go to state 174
    Y_RSHIFT  shift, and go to state 175

    $default  reduce using rule 48 (relational_expression)


State 107

   49 relational_expression: relational_expression . Y_LT shift_expression
   50                      | relational_expression . Y_GT shift_expression
   51                      | relational_expression . Y_LE shift_expression
   52                      | relational_expression . Y_GE shift_expression
   53 equality_expression: relational_expression .

    Y_LT  shift, and go to state 176
    Y_LE  shift, and go to state 177
    Y_GT  shift, and go to state 178
    Y_GE  shift, and go to state 179

    $default  reduce using rule 53 (equality_expression)


State 108

   54 equality_expression: equality_expression . Y_EQ relational_expression
   55                    | equality_expression . Y_NE relational_expression
   56 and_expression: equality_expression .

    Y_NE  shift, and go to state 180
    Y_EQ  shift, and go to state 181

    $default  reduce using rule 56 (and_expression)


State 109

   57 and_expression: and_expression . Y_AND equality_expression
   58 exclusive_or_expression: and_expression .

    Y_AND  shift, and go to state 182

    $default  reduce using rule 58 (exclusive_or_expression)


State 110

   59 exclusive_or_expression: exclusive_or_expression . Y_XOR and_expression
   60 inclusive_or_expression: exclusive_or_expression .

    Y_XOR  shift, and go to state 183

    $default  reduce using rule 60 (inclusive_or_expression)


State 111

   61 inclusive_or_expression: inclusive_or_expression . Y_OR exclusive_or_expression
   62 logical_and_expression: inclusive_or_expression .

    Y_OR  shift, and go to state 184

    $default  reduce using rule 62 (logical_and_expression)


State 112

   63 logical_and_expression: logical_and_expression . Y_AND_AND inclusive_or_expression
   64 logical_or_expression: logical_and_expression .

    Y_AND_AND  shift, and go to state 185

    $default  reduce using rule 64 (logical_or_expression)


State 113

   65 logical_or_expression: logical_or_expression . Y_OR_OR logical_and_expression
   66 conditional_expression: logical_or_expression .
   67                       | logical_or_expression . Y_QUESTION expression Y_COLON conditional_expression

    Y_QUESTION  shift, and go to state 186
    Y_OR_OR     shift, and go to state 187

    $default  reduce using rule 66 (conditional_expression)


State 114

   83 constant_expression: conditional_expression .

    $default  reduce using rule 83 (constant_expression)


State 115

  161 alignment_specifier: Y_ALIGNAS Y_LEFT_PAREN constant_expression . Y_RIGHT_PAREN

    Y_RIGHT_PAREN  shift, and go to state 188


State 116

  160 alignment_specifier: Y_ALIGNAS Y_LEFT_PAREN type_name . Y_RIGHT_PAREN

    Y_RIGHT_PAREN  shift, and go to state 189


State 117

  231 static_assert_declaration: Y_STATIC_ASSERT Y_LEFT_PAREN constant_expression . Y_COMMA "sting_literal" Y_RIGHT_PAREN Y_SEMICOLON

    Y_COMMA  shift, and go to state 190


State 118

  165 direct_declarator: Y_LEFT_PAREN declarator . Y_RIGHT_PAREN

    Y_RIGHT_PAREN  shift, and go to state 191


State 119

  157 type_qualifier: Y_ATOMIC .

    $default  reduce using rule 157 (type_qualifier)


State 120

  182 type_qualifier_list: type_qualifier .

    $default  reduce using rule 182 (type_qualifier_list)


State 121

  180 pointer: Y_TIMES pointer .

    $default  reduce using rule 180 (pointer)


State 122

  178 pointer: Y_TIMES type_qualifier_list . pointer
  179        | Y_TIMES type_qualifier_list .
  183 type_qualifier_list: type_qualifier_list . type_qualifier

    Y_TIMES     shift, and go to state 55
    Y_CONST     shift, and go to state 4
    Y_VOLATILE  shift, and go to state 20
    Y_ATOMIC    shift, and go to state 119
    Y_RESTRICT  shift, and go to state 27

    $default  reduce using rule 179 (pointer)

    type_qualifier  go to state 192
    pointer         go to state 193


State 123

   98 init_declarator_list: init_declarator_list Y_COMMA . init_declarator

    "identifier"  shift, and go to state 53
    Y_LEFT_PAREN  shift, and go to state 54
    Y_TIMES       shift, and go to state 55

    init_declarator    go to state 194
    declarator         go to state 195
    direct_declarator  go to state 60
    pointer            go to state 61


State 124

   85 declaration: declaration_specifiers init_declarator_list Y_SEMICOLON .

    $default  reduce using rule 85 (declaration)


State 125

   99 init_declarator: declarator Y_EQUAL . initializer

    "identifier"            shift, and go to state 80
    "i_const"               shift, and go to state 81
    "f_const"               shift, and go to state 82
    "sting_literal"         shift, and go to state 83
    Y_EXCLAMATION           shift, and go to state 84
    Y_AND                   shift, and go to state 85
    Y_LEFT_PAREN            shift, and go to state 86
    Y_TIMES                 shift, and go to state 87
    Y_PLUS                  shift, and go to state 88
    Y_PLUS_PLUS             shift, and go to state 89
    Y_MINUS                 shift, and go to state 90
    Y_MINUS_MINUS           shift, and go to state 91
    Y_SIZEOF                shift, and go to state 92
    Y_LEFT_BRACE            shift, and go to state 196
    Y_TILDE                 shift, and go to state 93
    Y_ENUMERATION_CONSTANT  shift, and go to state 94
    Y_FUNC_NAME             shift, and go to state 95
    Y_ALIGNOF               shift, and go to state 96

    primary_expression         go to state 97
    constant                   go to state 98
    string                     go to state 99
    postfix_expression         go to state 100
    unary_expression           go to state 151
    unary_operator             go to state 102
    cast_expression            go to state 103
    multiplicative_expression  go to state 104
    additive_expression        go to state 105
    shift_expression           go to state 106
    relational_expression      go to state 107
    equality_expression        go to state 108
    and_expression             go to state 109
    exclusive_or_expression    go to state 110
    inclusive_or_expression    go to state 111
    logical_and_expression     go to state 112
    logical_or_expression      go to state 113
    conditional_expression     go to state 152
    assignment_expression      go to state 197
    initializer                go to state 198


State 126

  241 compound_statement: Y_LEFT_BRACE . Y_RIGHT_BRACE
  242                   | Y_LEFT_BRACE . block_item_list Y_RIGHT_BRACE

    "identifier"            shift, and go to state 199
    "i_const"               shift, and go to state 81
    "f_const"               shift, and go to state 82
    "sting_literal"         shift, and go to state 83
    Y_EXCLAMATION           shift, and go to state 84
    Y_AND                   shift, and go to state 85
    Y_LEFT_PAREN            shift, and go to state 86
    Y_TIMES                 shift, and go to state 87
    Y_PLUS                  shift, and go to state 88
    Y_PLUS_PLUS             shift, and go to state 89
    Y_MINUS                 shift, and go to state 90
    Y_MINUS_MINUS           shift, and go to state 91
    Y_SEMICOLON             shift, and go to state 200
    Y_THREAD_LOCAL          shift, and go to state 1
    Y_AUTO                  shift, and go to state 2
    Y_CHAR                  shift, and go to state 3
    Y_CONST                 shift, and go to state 4
    Y_DOUBLE                shift, and go to state 5
    Y_ENUM                  shift, and go to state 6
    Y_EXTERN                shift, and go to state 7
    Y_FLOAT                 shift, and go to state 8
    Y_INT                   shift, and go to state 9
    Y_LONG                  shift, and go to state 10
    Y_REGISTER              shift, and go to state 11
    Y_SHORT                 shift, and go to state 12
    Y_SIGNED                shift, and go to state 13
    Y_SIZEOF                shift, and go to state 92
    Y_STATIC                shift, and go to state 14
    Y_STRUCT                shift, and go to state 15
    Y_TYPEDEF               shift, and go to state 16
    Y_UNION                 shift, and go to state 17
    Y_UNSIGNED              shift, and go to state 18
    Y_VOID                  shift, and go to state 19
    Y_VOLATILE              shift, and go to state 20
    Y_LEFT_BRACE            shift, and go to state 126
    Y_RIGHT_BRACE           shift, and go to state 201
    Y_TILDE                 shift, and go to state 93
    Y_IF                    shift, and go to state 202
    Y_TYPEDEF_NAME          shift, and go to state 21
    Y_ENUMERATION_CONSTANT  shift, and go to state 94
    Y_FUNC_NAME             shift, and go to state 95
    Y_DEFAULT               shift, and go to state 203
    Y_CASE                  shift, and go to state 204
    Y_ALIGNOF               shift, and go to state 96
    Y_IMAGINARY             shift, and go to state 22
    Y_COMPLEX               shift, and go to state 23
    Y_LONG_DOUBLE           shift, and go to state 24
    Y_BOOL                  shift, and go to state 25
    Y_ATOMIC                shift, and go to state 26
    Y_RESTRICT              shift, and go to state 27
    Y_INLINE                shift, and go to state 28
    Y_NORETURN              shift, and go to state 29
    Y_ALIGNAS               shift, and go to state 30
    Y_STATIC_ASSERT         shift, and go to state 31
    Y_SWITCH                shift, and go to state 205
    Y_WHILE                 shift, and go to state 206
    Y_DO                    shift, and go to state 207
    Y_FOR                   shift, and go to state 208
    Y_GOTO                  shift, and go to state 209
    Y_CONTINUE              shift, and go to state 210
    Y_BREAK                 shift, and go to state 211
    Y_RETURN                shift, and go to state 212
    Y_LONG_LONG             shift, and go to state 32

    primary_expression         go to state 97
    constant                   go to state 98
    string                     go to state 99
    postfix_expression         go to state 100
    unary_expression           go to state 151
    unary_operator             go to state 102
    cast_expression            go to state 103
    multiplicative_expression  go to state 104
    additive_expression        go to state 105
    shift_expression           go to state 106
    relational_expression      go to state 107
    equality_expression        go to state 108
    and_expression             go to state 109
    exclusive_or_expression    go to state 110
    inclusive_or_expression    go to state 111
    logical_and_expression     go to state 112
    logical_or_expression      go to state 113
    conditional_expression     go to state 152
    assignment_expression      go to state 153
    expression                 go to state 213
    declaration                go to state 214
    declaration_specifiers     go to state 128
    storage_class_specifier    go to state 35
    type_specifier             go to state 36
    struct_or_union_specifier  go to state 37
    struct_or_union            go to state 38
    enum_specifier             go to state 39
    atomic_type_specifier      go to state 40
    type_qualifier             go to state 41
    function_specifier         go to state 42
    alignment_specifier        go to state 43
    static_assert_declaration  go to state 44
    statement                  go to state 215
    labeled_statement          go to state 216
    compound_statement         go to state 217
    block_item_list            go to state 218
    block_item                 go to state 219
    expression_statement       go to state 220
    selection_statement        go to state 221
    iteration_statement        go to state 222
    jump_statement             go to state 223


State 127

  269 declaration_list: declaration .

    $default  reduce using rule 269 (declaration_list)


State 128

   84 declaration: declaration_specifiers . Y_SEMICOLON
   85            | declaration_specifiers . init_declarator_list Y_SEMICOLON

    "identifier"  shift, and go to state 53
    Y_LEFT_PAREN  shift, and go to state 54
    Y_TIMES       shift, and go to state 55
    Y_SEMICOLON   shift, and go to state 56

    init_declarator_list  go to state 57
    init_declarator       go to state 58
    declarator            go to state 195
    direct_declarator     go to state 60
    pointer               go to state 61


State 129

  268 function_definition: declaration_specifiers declarator compound_statement .

    $default  reduce using rule 268 (function_definition)


State 130

  267 function_definition: declaration_specifiers declarator declaration_list . compound_statement
  270 declaration_list: declaration_list . declaration

    Y_THREAD_LOCAL   shift, and go to state 1
    Y_AUTO           shift, and go to state 2
    Y_CHAR           shift, and go to state 3
    Y_CONST          shift, and go to state 4
    Y_DOUBLE         shift, and go to state 5
    Y_ENUM           shift, and go to state 6
    Y_EXTERN         shift, and go to state 7
    Y_FLOAT          shift, and go to state 8
    Y_INT            shift, and go to state 9
    Y_LONG           shift, and go to state 10
    Y_REGISTER       shift, and go to state 11
    Y_SHORT          shift, and go to state 12
    Y_SIGNED         shift, and go to state 13
    Y_STATIC         shift, and go to state 14
    Y_STRUCT         shift, and go to state 15
    Y_TYPEDEF        shift, and go to state 16
    Y_UNION          shift, and go to state 17
    Y_UNSIGNED       shift, and go to state 18
    Y_VOID           shift, and go to state 19
    Y_VOLATILE       shift, and go to state 20
    Y_LEFT_BRACE     shift, and go to state 126
    Y_TYPEDEF_NAME   shift, and go to state 21
    Y_IMAGINARY      shift, and go to state 22
    Y_COMPLEX        shift, and go to state 23
    Y_LONG_DOUBLE    shift, and go to state 24
    Y_BOOL           shift, and go to state 25
    Y_ATOMIC         shift, and go to state 26
    Y_RESTRICT       shift, and go to state 27
    Y_INLINE         shift, and go to state 28
    Y_NORETURN       shift, and go to state 29
    Y_ALIGNAS        shift, and go to state 30
    Y_STATIC_ASSERT  shift, and go to state 31
    Y_LONG_LONG      shift, and go to state 32

    declaration                go to state 224
    declaration_specifiers     go to state 128
    storage_class_specifier    go to state 35
    type_specifier             go to state 36
    struct_or_union_specifier  go to state 37
    struct_or_union            go to state 38
    enum_specifier             go to state 39
    atomic_type_specifier      go to state 40
    type_qualifier             go to state 41
    function_specifier         go to state 42
    alignment_specifier        go to state 43
    static_assert_declaration  go to state 44
    compound_statement         go to state 225


State 131

  175 direct_declarator: direct_declarator Y_LEFT_PAREN . parameter_type_list Y_RIGHT_PAREN
  176                  | direct_declarator Y_LEFT_PAREN . Y_RIGHT_PAREN
  177                  | direct_declarator Y_LEFT_PAREN . identifier_list Y_RIGHT_PAREN

    "identifier"    shift, and go to state 226
    Y_RIGHT_PAREN   shift, and go to state 227
    Y_THREAD_LOCAL  shift, and go to state 1
    Y_AUTO          shift, and go to state 2
    Y_CHAR          shift, and go to state 3
    Y_CONST         shift, and go to state 4
    Y_DOUBLE        shift, and go to state 5
    Y_ENUM          shift, and go to state 6
    Y_EXTERN        shift, and go to state 7
    Y_FLOAT         shift, and go to state 8
    Y_INT           shift, and go to state 9
    Y_LONG          shift, and go to state 10
    Y_REGISTER      shift, and go to state 11
    Y_SHORT         shift, and go to state 12
    Y_SIGNED        shift, and go to state 13
    Y_STATIC        shift, and go to state 14
    Y_STRUCT        shift, and go to state 15
    Y_TYPEDEF       shift, and go to state 16
    Y_UNION         shift, and go to state 17
    Y_UNSIGNED      shift, and go to state 18
    Y_VOID          shift, and go to state 19
    Y_VOLATILE      shift, and go to state 20
    Y_TYPEDEF_NAME  shift, and go to state 21
    Y_IMAGINARY     shift, and go to state 22
    Y_COMPLEX       shift, and go to state 23
    Y_LONG_DOUBLE   shift, and go to state 24
    Y_BOOL          shift, and go to state 25
    Y_ATOMIC        shift, and go to state 26
    Y_RESTRICT      shift, and go to state 27
    Y_INLINE        shift, and go to state 28
    Y_NORETURN      shift, and go to state 29
    Y_ALIGNAS       shift, and go to state 30
    Y_LONG_LONG     shift, and go to state 32

    declaration_specifiers     go to state 228
    storage_class_specifier    go to state 35
    type_specifier             go to state 36
    struct_or_union_specifier  go to state 37
    struct_or_union            go to state 38
    enum_specifier             go to state 39
    atomic_type_specifier      go to state 40
    type_qualifier             go to state 41
    function_specifier         go to state 42
    alignment_specifier        go to state 43
    parameter_type_list        go to state 229
    parameter_list             go to state 230
    parameter_declaration      go to state 231
    identifier_list            go to state 232


State 132

  166 direct_declarator: direct_declarator Y_LEFT_BRACKET . Y_RIGHT_BRACKET
  167                  | direct_declarator Y_LEFT_BRACKET . Y_TIMES Y_RIGHT_BRACKET
  168                  | direct_declarator Y_LEFT_BRACKET . Y_STATIC type_qualifier_list assignment_expression Y_RIGHT_BRACKET
  169                  | direct_declarator Y_LEFT_BRACKET . Y_STATIC assignment_expression Y_RIGHT_BRACKET
  170                  | direct_declarator Y_LEFT_BRACKET . type_qualifier_list Y_TIMES Y_RIGHT_BRACKET
  171                  | direct_declarator Y_LEFT_BRACKET . type_qualifier_list Y_STATIC assignment_expression Y_RIGHT_BRACKET
  172                  | direct_declarator Y_LEFT_BRACKET . type_qualifier_list assignment_expression Y_RIGHT_BRACKET
  173                  | direct_declarator Y_LEFT_BRACKET . type_qualifier_list Y_RIGHT_BRACKET
  174                  | direct_declarator Y_LEFT_BRACKET . assignment_expression Y_RIGHT_BRACKET

    "identifier"            shift, and go to state 80
    "i_const"               shift, and go to state 81
    "f_const"               shift, and go to state 82
    "sting_literal"         shift, and go to state 83
    Y_EXCLAMATION           shift, and go to state 84
    Y_AND                   shift, and go to state 85
    Y_LEFT_PAREN            shift, and go to state 86
    Y_TIMES                 shift, and go to state 233
    Y_PLUS                  shift, and go to state 88
    Y_PLUS_PLUS             shift, and go to state 89
    Y_MINUS                 shift, and go to state 90
    Y_MINUS_MINUS           shift, and go to state 91
    Y_RIGHT_BRACKET         shift, and go to state 234
    Y_CONST                 shift, and go to state 4
    Y_SIZEOF                shift, and go to state 92
    Y_STATIC                shift, and go to state 235
    Y_VOLATILE              shift, and go to state 20
    Y_TILDE                 shift, and go to state 93
    Y_ENUMERATION_CONSTANT  shift, and go to state 94
    Y_FUNC_NAME             shift, and go to state 95
    Y_ALIGNOF               shift, and go to state 96
    Y_ATOMIC                shift, and go to state 119
    Y_RESTRICT              shift, and go to state 27

    primary_expression         go to state 97
    constant                   go to state 98
    string                     go to state 99
    postfix_expression         go to state 100
    unary_expression           go to state 151
    unary_operator             go to state 102
    cast_expression            go to state 103
    multiplicative_expression  go to state 104
    additive_expression        go to state 105
    shift_expression           go to state 106
    relational_expression      go to state 107
    equality_expression        go to state 108
    and_expression             go to state 109
    exclusive_or_expression    go to state 110
    inclusive_or_expression    go to state 111
    logical_and_expression     go to state 112
    logical_or_expression      go to state 113
    conditional_expression     go to state 152
    assignment_expression      go to state 236
    type_qualifier             go to state 120
    type_qualifier_list        go to state 237


State 133

  162 declarator: pointer direct_declarator .
  166 direct_declarator: direct_declarator . Y_LEFT_BRACKET Y_RIGHT_BRACKET
  167                  | direct_declarator . Y_LEFT_BRACKET Y_TIMES Y_RIGHT_BRACKET
  168                  | direct_declarator . Y_LEFT_BRACKET Y_STATIC type_qualifier_list assignment_expression Y_RIGHT_BRACKET
  169                  | direct_declarator . Y_LEFT_BRACKET Y_STATIC assignment_expression Y_RIGHT_BRACKET
  170                  | direct_declarator . Y_LEFT_BRACKET type_qualifier_list Y_TIMES Y_RIGHT_BRACKET
  171                  | direct_declarator . Y_LEFT_BRACKET type_qualifier_list Y_STATIC assignment_expression Y_RIGHT_BRACKET
  172                  | direct_declarator . Y_LEFT_BRACKET type_qualifier_list assignment_expression Y_RIGHT_BRACKET
  173                  | direct_declarator . Y_LEFT_BRACKET type_qualifier_list Y_RIGHT_BRACKET
  174                  | direct_declarator . Y_LEFT_BRACKET assignment_expression Y_RIGHT_BRACKET
  175                  | direct_declarator . Y_LEFT_PAREN parameter_type_list Y_RIGHT_PAREN
  176                  | direct_declarator . Y_LEFT_PAREN Y_RIGHT_PAREN
  177                  | direct_declarator . Y_LEFT_PAREN identifier_list Y_RIGHT_PAREN

    Y_LEFT_PAREN    shift, and go to state 131
    Y_LEFT_BRACKET  shift, and go to state 132

    $default  reduce using rule 162 (declarator)


State 134

  126 struct_or_union_specifier: struct_or_union "identifier" Y_LEFT_BRACE . struct_declaration_list Y_RIGHT_BRACE

    Y_CHAR           shift, and go to state 3
    Y_CONST          shift, and go to state 4
    Y_DOUBLE         shift, and go to state 5
    Y_ENUM           shift, and go to state 6
    Y_FLOAT          shift, and go to state 8
    Y_INT            shift, and go to state 9
    Y_LONG           shift, and go to state 10
    Y_SHORT          shift, and go to state 12
    Y_SIGNED         shift, and go to state 13
    Y_STRUCT         shift, and go to state 15
    Y_UNION          shift, and go to state 17
    Y_UNSIGNED       shift, and go to state 18
    Y_VOID           shift, and go to state 19
    Y_VOLATILE       shift, and go to state 20
    Y_TYPEDEF_NAME   shift, and go to state 21
    Y_IMAGINARY      shift, and go to state 22
    Y_COMPLEX        shift, and go to state 23
    Y_LONG_DOUBLE    shift, and go to state 24
    Y_BOOL           shift, and go to state 25
    Y_ATOMIC         shift, and go to state 26
    Y_RESTRICT       shift, and go to state 27
    Y_STATIC_ASSERT  shift, and go to state 31
    Y_LONG_LONG      shift, and go to state 32

    type_specifier             go to state 76
    struct_or_union_specifier  go to state 37
    struct_or_union            go to state 38
    struct_declaration_list    go to state 238
    struct_declaration         go to state 136
    specifier_qualifier_list   go to state 137
    enum_specifier             go to state 39
    atomic_type_specifier      go to state 40
    type_qualifier             go to state 78
    static_assert_declaration  go to state 138


State 135

  125 struct_or_union_specifier: struct_or_union Y_LEFT_BRACE struct_declaration_list . Y_RIGHT_BRACE
  131 struct_declaration_list: struct_declaration_list . struct_declaration

    Y_CHAR           shift, and go to state 3
    Y_CONST          shift, and go to state 4
    Y_DOUBLE         shift, and go to state 5
    Y_ENUM           shift, and go to state 6
    Y_FLOAT          shift, and go to state 8
    Y_INT            shift, and go to state 9
    Y_LONG           shift, and go to state 10
    Y_SHORT          shift, and go to state 12
    Y_SIGNED         shift, and go to state 13
    Y_STRUCT         shift, and go to state 15
    Y_UNION          shift, and go to state 17
    Y_UNSIGNED       shift, and go to state 18
    Y_VOID           shift, and go to state 19
    Y_VOLATILE       shift, and go to state 20
    Y_RIGHT_BRACE    shift, and go to state 239
    Y_TYPEDEF_NAME   shift, and go to state 21
    Y_IMAGINARY      shift, and go to state 22
    Y_COMPLEX        shift, and go to state 23
    Y_LONG_DOUBLE    shift, and go to state 24
    Y_BOOL           shift, and go to state 25
    Y_ATOMIC         shift, and go to state 26
    Y_RESTRICT       shift, and go to state 27
    Y_STATIC_ASSERT  shift, and go to state 31
    Y_LONG_LONG      shift, and go to state 32

    type_specifier             go to state 76
    struct_or_union_specifier  go to state 37
    struct_or_union            go to state 38
    struct_declaration         go to state 240
    specifier_qualifier_list   go to state 137
    enum_specifier             go to state 39
    atomic_type_specifier      go to state 40
    type_qualifier             go to state 78
    static_assert_declaration  go to state 138


State 136

  130 struct_declaration_list: struct_declaration .

    $default  reduce using rule 130 (struct_declaration_list)


State 137

  132 struct_declaration: specifier_qualifier_list . Y_SEMICOLON
  133                   | specifier_qualifier_list . struct_declarator_list Y_SEMICOLON

    "identifier"  shift, and go to state 53
    Y_LEFT_PAREN  shift, and go to state 54
    Y_TIMES       shift, and go to state 55
    Y_COLON       shift, and go to state 241
    Y_SEMICOLON   shift, and go to state 242

    struct_declarator_list  go to state 243
    struct_declarator       go to state 244
    declarator              go to state 245
    direct_declarator       go to state 60
    pointer                 go to state 61


State 138

  134 struct_declaration: static_assert_declaration .

    $default  reduce using rule 134 (struct_declaration)


State 139

  146 enum_specifier: Y_ENUM "identifier" Y_LEFT_BRACE enumerator_list . Y_RIGHT_BRACE
  147               | Y_ENUM "identifier" Y_LEFT_BRACE enumerator_list . Y_COMMA Y_RIGHT_BRACE
  150 enumerator_list: enumerator_list . Y_COMMA enumerator

    Y_COMMA        shift, and go to state 246
    Y_RIGHT_BRACE  shift, and go to state 247


State 140

  151 enumerator: enumeration_constant Y_EQUAL . constant_expression

    "identifier"            shift, and go to state 80
    "i_const"               shift, and go to state 81
    "f_const"               shift, and go to state 82
    "sting_literal"         shift, and go to state 83
    Y_EXCLAMATION           shift, and go to state 84
    Y_AND                   shift, and go to state 85
    Y_LEFT_PAREN            shift, and go to state 86
    Y_TIMES                 shift, and go to state 87
    Y_PLUS                  shift, and go to state 88
    Y_PLUS_PLUS             shift, and go to state 89
    Y_MINUS                 shift, and go to state 90
    Y_MINUS_MINUS           shift, and go to state 91
    Y_SIZEOF                shift, and go to state 92
    Y_TILDE                 shift, and go to state 93
    Y_ENUMERATION_CONSTANT  shift, and go to state 94
    Y_FUNC_NAME             shift, and go to state 95
    Y_ALIGNOF               shift, and go to state 96

    primary_expression         go to state 97
    constant                   go to state 98
    string                     go to state 99
    postfix_expression         go to state 100
    unary_expression           go to state 101
    unary_operator             go to state 102
    cast_expression            go to state 103
    multiplicative_expression  go to state 104
    additive_expression        go to state 105
    shift_expression           go to state 106
    relational_expression      go to state 107
    equality_expression        go to state 108
    and_expression             go to state 109
    exclusive_or_expression    go to state 110
    inclusive_or_expression    go to state 111
    logical_and_expression     go to state 112
    logical_or_expression      go to state 113
    conditional_expression     go to state 114
    constant_expression        go to state 248


State 141

  145 enum_specifier: Y_ENUM Y_LEFT_BRACE enumerator_list Y_COMMA . Y_RIGHT_BRACE
  150 enumerator_list: enumerator_list Y_COMMA . enumerator

    "identifier"   shift, and go to state 72
    Y_RIGHT_BRACE  shift, and go to state 249

    enumeration_constant  go to state 73
    enumerator            go to state 250


State 142

  144 enum_specifier: Y_ENUM Y_LEFT_BRACE enumerator_list Y_RIGHT_BRACE .

    $default  reduce using rule 144 (enum_specifier)


State 143

  135 specifier_qualifier_list: type_specifier specifier_qualifier_list .

    $default  reduce using rule 135 (specifier_qualifier_list)


State 144

  198 direct_abstract_declarator: Y_LEFT_PAREN . abstract_declarator Y_RIGHT_PAREN
  215                           | Y_LEFT_PAREN . Y_RIGHT_PAREN
  216                           | Y_LEFT_PAREN . parameter_type_list Y_RIGHT_PAREN

    Y_LEFT_PAREN    shift, and go to state 144
    Y_RIGHT_PAREN   shift, and go to state 251
    Y_TIMES         shift, and go to state 55
    Y_LEFT_BRACKET  shift, and go to state 145
    Y_THREAD_LOCAL  shift, and go to state 1
    Y_AUTO          shift, and go to state 2
    Y_CHAR          shift, and go to state 3
    Y_CONST         shift, and go to state 4
    Y_DOUBLE        shift, and go to state 5
    Y_ENUM          shift, and go to state 6
    Y_EXTERN        shift, and go to state 7
    Y_FLOAT         shift, and go to state 8
    Y_INT           shift, and go to state 9
    Y_LONG          shift, and go to state 10
    Y_REGISTER      shift, and go to state 11
    Y_SHORT         shift, and go to state 12
    Y_SIGNED        shift, and go to state 13
    Y_STATIC        shift, and go to state 14
    Y_STRUCT        shift, and go to state 15
    Y_TYPEDEF       shift, and go to state 16
    Y_UNION         shift, and go to state 17
    Y_UNSIGNED      shift, and go to state 18
    Y_VOID          shift, and go to state 19
    Y_VOLATILE      shift, and go to state 20
    Y_TYPEDEF_NAME  shift, and go to state 21
    Y_IMAGINARY     shift, and go to state 22
    Y_COMPLEX       shift, and go to state 23
    Y_LONG_DOUBLE   shift, and go to state 24
    Y_BOOL          shift, and go to state 25
    Y_ATOMIC        shift, and go to state 26
    Y_RESTRICT      shift, and go to state 27
    Y_INLINE        shift, and go to state 28
    Y_NORETURN      shift, and go to state 29
    Y_ALIGNAS       shift, and go to state 30
    Y_LONG_LONG     shift, and go to state 32

    declaration_specifiers      go to state 228
    storage_class_specifier     go to state 35
    type_specifier              go to state 36
    struct_or_union_specifier   go to state 37
    struct_or_union             go to state 38
    enum_specifier              go to state 39
    atomic_type_specifier       go to state 40
    type_qualifier              go to state 41
    function_specifier          go to state 42
    alignment_specifier         go to state 43
    pointer                     go to state 146
    parameter_type_list         go to state 252
    parameter_list              go to state 230
    parameter_declaration       go to state 231
    abstract_declarator         go to state 253
    direct_abstract_declarator  go to state 148


State 145

  199 direct_abstract_declarator: Y_LEFT_BRACKET . Y_RIGHT_BRACKET
  200                           | Y_LEFT_BRACKET . '*' Y_RIGHT_BRACKET
  201                           | Y_LEFT_BRACKET . Y_STATIC type_qualifier_list assignment_expression Y_RIGHT_BRACKET
  202                           | Y_LEFT_BRACKET . Y_STATIC assignment_expression Y_RIGHT_BRACKET
  203                           | Y_LEFT_BRACKET . type_qualifier_list Y_STATIC assignment_expression Y_RIGHT_BRACKET
  204                           | Y_LEFT_BRACKET . type_qualifier_list assignment_expression Y_RIGHT_BRACKET
  205                           | Y_LEFT_BRACKET . type_qualifier_list Y_RIGHT_BRACKET
  206                           | Y_LEFT_BRACKET . assignment_expression Y_RIGHT_BRACKET

    "identifier"            shift, and go to state 80
    "i_const"               shift, and go to state 81
    "f_const"               shift, and go to state 82
    "sting_literal"         shift, and go to state 83
    Y_EXCLAMATION           shift, and go to state 84
    Y_AND                   shift, and go to state 85
    Y_LEFT_PAREN            shift, and go to state 86
    Y_TIMES                 shift, and go to state 87
    Y_PLUS                  shift, and go to state 88
    Y_PLUS_PLUS             shift, and go to state 89
    Y_MINUS                 shift, and go to state 90
    Y_MINUS_MINUS           shift, and go to state 91
    Y_RIGHT_BRACKET         shift, and go to state 254
    Y_CONST                 shift, and go to state 4
    Y_SIZEOF                shift, and go to state 92
    Y_STATIC                shift, and go to state 255
    Y_VOLATILE              shift, and go to state 20
    Y_TILDE                 shift, and go to state 93
    Y_ENUMERATION_CONSTANT  shift, and go to state 94
    Y_FUNC_NAME             shift, and go to state 95
    Y_ALIGNOF               shift, and go to state 96
    Y_ATOMIC                shift, and go to state 119
    Y_RESTRICT              shift, and go to state 27
    '*'                     shift, and go to state 256

    primary_expression         go to state 97
    constant                   go to state 98
    string                     go to state 99
    postfix_expression         go to state 100
    unary_expression           go to state 151
    unary_operator             go to state 102
    cast_expression            go to state 103
    multiplicative_expression  go to state 104
    additive_expression        go to state 105
    shift_expression           go to state 106
    relational_expression      go to state 107
    equality_expression        go to state 108
    and_expression             go to state 109
    exclusive_or_expression    go to state 110
    inclusive_or_expression    go to state 111
    logical_and_expression     go to state 112
    logical_or_expression      go to state 113
    conditional_expression     go to state 152
    assignment_expression      go to state 257
    type_qualifier             go to state 120
    type_qualifier_list        go to state 258


State 146

  195 abstract_declarator: pointer . direct_abstract_declarator
  196                    | pointer .

    Y_LEFT_PAREN    shift, and go to state 144
    Y_LEFT_BRACKET  shift, and go to state 145

    $default  reduce using rule 196 (abstract_declarator)

    direct_abstract_declarator  go to state 259


State 147

  193 type_name: specifier_qualifier_list abstract_declarator .

    $default  reduce using rule 193 (type_name)


State 148

  197 abstract_declarator: direct_abstract_declarator .
  207 direct_abstract_declarator: direct_abstract_declarator . Y_LEFT_BRACKET Y_RIGHT_BRACKET
  208                           | direct_abstract_declarator . Y_LEFT_BRACKET '*' Y_RIGHT_BRACKET
  209                           | direct_abstract_declarator . Y_LEFT_BRACKET Y_STATIC type_qualifier_list assignment_expression Y_RIGHT_BRACKET
  210                           | direct_abstract_declarator . Y_LEFT_BRACKET Y_STATIC assignment_expression Y_RIGHT_BRACKET
  211                           | direct_abstract_declarator . Y_LEFT_BRACKET type_qualifier_list assignment_expression Y_RIGHT_BRACKET
  212                           | direct_abstract_declarator . Y_LEFT_BRACKET type_qualifier_list Y_STATIC assignment_expression Y_RIGHT_BRACKET
  213                           | direct_abstract_declarator . Y_LEFT_BRACKET type_qualifier_list Y_RIGHT_BRACKET
  214                           | direct_abstract_declarator . Y_LEFT_BRACKET assignment_expression Y_RIGHT_BRACKET
  217                           | direct_abstract_declarator . Y_LEFT_PAREN Y_RIGHT_PAREN
  218                           | direct_abstract_declarator . Y_LEFT_PAREN parameter_type_list Y_RIGHT_PAREN

    Y_LEFT_PAREN    shift, and go to state 260
    Y_LEFT_BRACKET  shift, and go to state 261

    $default  reduce using rule 197 (abstract_declarator)


State 149

  137 specifier_qualifier_list: type_qualifier specifier_qualifier_list .

    $default  reduce using rule 137 (specifier_qualifier_list)


State 150

  153 atomic_type_specifier: Y_ATOMIC Y_LEFT_PAREN type_name Y_RIGHT_PAREN .

    $default  reduce using rule 153 (atomic_type_specifier)


State 151

   36 cast_expression: unary_expression .
   69 assignment_expression: unary_expression . assignment_operator assignment_expression

    Y_AND_EQUAL      shift, and go to state 262
    Y_TIMES_EQUAL    shift, and go to state 263
    Y_PLUS_EQUAL     shift, and go to state 264
    Y_MINUS_EQUAL    shift, and go to state 265
    Y_DIVIDE_EQUAL   shift, and go to state 266
    Y_LSHIFT_EQUAL   shift, and go to state 267
    Y_EQUAL          shift, and go to state 268
    Y_RSHIFT_EQUAL   shift, and go to state 269
    Y_XOR_EQUAL      shift, and go to state 270
    Y_OR_EQUAL       shift, and go to state 271
    Y_PERCENT_EQUAL  shift, and go to state 272

    $default  reduce using rule 36 (cast_expression)

    assignment_operator  go to state 273


State 152

   68 assignment_expression: conditional_expression .

    $default  reduce using rule 68 (assignment_expression)


State 153

   81 expression: assignment_expression .

    $default  reduce using rule 81 (expression)


State 154

    4 primary_expression: Y_LEFT_PAREN expression . Y_RIGHT_PAREN
   82 expression: expression . Y_COMMA assignment_expression

    Y_RIGHT_PAREN  shift, and go to state 274
    Y_COMMA        shift, and go to state 275


State 155

   19 postfix_expression: Y_LEFT_PAREN type_name . Y_RIGHT_PAREN Y_LEFT_BRACE initializer_list Y_RIGHT_BRACE
   20                   | Y_LEFT_PAREN type_name . Y_RIGHT_PAREN Y_LEFT_BRACE initializer_list Y_COMMA Y_RIGHT_BRACE
   37 cast_expression: Y_LEFT_PAREN type_name . Y_RIGHT_PAREN cast_expression

    Y_RIGHT_PAREN  shift, and go to state 276


State 156

    4 primary_expression: Y_LEFT_PAREN . expression Y_RIGHT_PAREN
   19 postfix_expression: Y_LEFT_PAREN . type_name Y_RIGHT_PAREN Y_LEFT_BRACE initializer_list Y_RIGHT_BRACE
   20                   | Y_LEFT_PAREN . type_name Y_RIGHT_PAREN Y_LEFT_BRACE initializer_list Y_COMMA Y_RIGHT_BRACE

    "identifier"            shift, and go to state 80
    "i_const"               shift, and go to state 81
    "f_const"               shift, and go to state 82
    "sting_literal"         shift, and go to state 83
    Y_EXCLAMATION           shift, and go to state 84
    Y_AND                   shift, and go to state 85
    Y_LEFT_PAREN            shift, and go to state 86
    Y_TIMES                 shift, and go to state 87
    Y_PLUS                  shift, and go to state 88
    Y_PLUS_PLUS             shift, and go to state 89
    Y_MINUS                 shift, and go to state 90
    Y_MINUS_MINUS           shift, and go to state 91
    Y_CHAR                  shift, and go to state 3
    Y_CONST                 shift, and go to state 4
    Y_DOUBLE                shift, and go to state 5
    Y_ENUM                  shift, and go to state 6
    Y_FLOAT                 shift, and go to state 8
    Y_INT                   shift, and go to state 9
    Y_LONG                  shift, and go to state 10
    Y_SHORT                 shift, and go to state 12
    Y_SIGNED                shift, and go to state 13
    Y_SIZEOF                shift, and go to state 92
    Y_STRUCT                shift, and go to state 15
    Y_UNION                 shift, and go to state 17
    Y_UNSIGNED              shift, and go to state 18
    Y_VOID                  shift, and go to state 19
    Y_VOLATILE              shift, and go to state 20
    Y_TILDE                 shift, and go to state 93
    Y_TYPEDEF_NAME          shift, and go to state 21
    Y_ENUMERATION_CONSTANT  shift, and go to state 94
    Y_FUNC_NAME             shift, and go to state 95
    Y_ALIGNOF               shift, and go to state 96
    Y_IMAGINARY             shift, and go to state 22
    Y_COMPLEX               shift, and go to state 23
    Y_LONG_DOUBLE           shift, and go to state 24
    Y_BOOL                  shift, and go to state 25
    Y_ATOMIC                shift, and go to state 26
    Y_RESTRICT              shift, and go to state 27
    Y_LONG_LONG             shift, and go to state 32

    primary_expression         go to state 97
    constant                   go to state 98
    string                     go to state 99
    postfix_expression         go to state 100
    unary_expression           go to state 151
    unary_operator             go to state 102
    cast_expression            go to state 103
    multiplicative_expression  go to state 104
    additive_expression        go to state 105
    shift_expression           go to state 106
    relational_expression      go to state 107
    equality_expression        go to state 108
    and_expression             go to state 109
    exclusive_or_expression    go to state 110
    inclusive_or_expression    go to state 111
    logical_and_expression     go to state 112
    logical_or_expression      go to state 113
    conditional_expression     go to state 152
    assignment_expression      go to state 153
    expression                 go to state 154
    type_specifier             go to state 76
    struct_or_union_specifier  go to state 37
    struct_or_union            go to state 38
    specifier_qualifier_list   go to state 77
    enum_specifier             go to state 39
    atomic_type_specifier      go to state 40
    type_qualifier             go to state 78
    type_name                  go to state 277


State 157

   24 unary_expression: Y_PLUS_PLUS unary_expression .

    $default  reduce using rule 24 (unary_expression)


State 158

   25 unary_expression: Y_MINUS_MINUS unary_expression .

    $default  reduce using rule 25 (unary_expression)


State 159

    4 primary_expression: Y_LEFT_PAREN . expression Y_RIGHT_PAREN
   19 postfix_expression: Y_LEFT_PAREN . type_name Y_RIGHT_PAREN Y_LEFT_BRACE initializer_list Y_RIGHT_BRACE
   20                   | Y_LEFT_PAREN . type_name Y_RIGHT_PAREN Y_LEFT_BRACE initializer_list Y_COMMA Y_RIGHT_BRACE
   28 unary_expression: Y_SIZEOF Y_LEFT_PAREN . type_name Y_RIGHT_PAREN

    "identifier"            shift, and go to state 80
    "i_const"               shift, and go to state 81
    "f_const"               shift, and go to state 82
    "sting_literal"         shift, and go to state 83
    Y_EXCLAMATION           shift, and go to state 84
    Y_AND                   shift, and go to state 85
    Y_LEFT_PAREN            shift, and go to state 86
    Y_TIMES                 shift, and go to state 87
    Y_PLUS                  shift, and go to state 88
    Y_PLUS_PLUS             shift, and go to state 89
    Y_MINUS                 shift, and go to state 90
    Y_MINUS_MINUS           shift, and go to state 91
    Y_CHAR                  shift, and go to state 3
    Y_CONST                 shift, and go to state 4
    Y_DOUBLE                shift, and go to state 5
    Y_ENUM                  shift, and go to state 6
    Y_FLOAT                 shift, and go to state 8
    Y_INT                   shift, and go to state 9
    Y_LONG                  shift, and go to state 10
    Y_SHORT                 shift, and go to state 12
    Y_SIGNED                shift, and go to state 13
    Y_SIZEOF                shift, and go to state 92
    Y_STRUCT                shift, and go to state 15
    Y_UNION                 shift, and go to state 17
    Y_UNSIGNED              shift, and go to state 18
    Y_VOID                  shift, and go to state 19
    Y_VOLATILE              shift, and go to state 20
    Y_TILDE                 shift, and go to state 93
    Y_TYPEDEF_NAME          shift, and go to state 21
    Y_ENUMERATION_CONSTANT  shift, and go to state 94
    Y_FUNC_NAME             shift, and go to state 95
    Y_ALIGNOF               shift, and go to state 96
    Y_IMAGINARY             shift, and go to state 22
    Y_COMPLEX               shift, and go to state 23
    Y_LONG_DOUBLE           shift, and go to state 24
    Y_BOOL                  shift, and go to state 25
    Y_ATOMIC                shift, and go to state 26
    Y_RESTRICT              shift, and go to state 27
    Y_LONG_LONG             shift, and go to state 32

    primary_expression         go to state 97
    constant                   go to state 98
    string                     go to state 99
    postfix_expression         go to state 100
    unary_expression           go to state 151
    unary_operator             go to state 102
    cast_expression            go to state 103
    multiplicative_expression  go to state 104
    additive_expression        go to state 105
    shift_expression           go to state 106
    relational_expression      go to state 107
    equality_expression        go to state 108
    and_expression             go to state 109
    exclusive_or_expression    go to state 110
    inclusive_or_expression    go to state 111
    logical_and_expression     go to state 112
    logical_or_expression      go to state 113
    conditional_expression     go to state 152
    assignment_expression      go to state 153
    expression                 go to state 154
    type_specifier             go to state 76
    struct_or_union_specifier  go to state 37
    struct_or_union            go to state 38
    specifier_qualifier_list   go to state 77
    enum_specifier             go to state 39
    atomic_type_specifier      go to state 40
    type_qualifier             go to state 78
    type_name                  go to state 278


State 160

   27 unary_expression: Y_SIZEOF unary_expression .

    $default  reduce using rule 27 (unary_expression)


State 161

   29 unary_expression: Y_ALIGNOF Y_LEFT_PAREN . type_name Y_RIGHT_PAREN

    Y_CHAR          shift, and go to state 3
    Y_CONST         shift, and go to state 4
    Y_DOUBLE        shift, and go to state 5
    Y_ENUM          shift, and go to state 6
    Y_FLOAT         shift, and go to state 8
    Y_INT           shift, and go to state 9
    Y_LONG          shift, and go to state 10
    Y_SHORT         shift, and go to state 12
    Y_SIGNED        shift, and go to state 13
    Y_STRUCT        shift, and go to state 15
    Y_UNION         shift, and go to state 17
    Y_UNSIGNED      shift, and go to state 18
    Y_VOID          shift, and go to state 19
    Y_VOLATILE      shift, and go to state 20
    Y_TYPEDEF_NAME  shift, and go to state 21
    Y_IMAGINARY     shift, and go to state 22
    Y_COMPLEX       shift, and go to state 23
    Y_LONG_DOUBLE   shift, and go to state 24
    Y_BOOL          shift, and go to state 25
    Y_ATOMIC        shift, and go to state 26
    Y_RESTRICT      shift, and go to state 27
    Y_LONG_LONG     shift, and go to state 32

    type_specifier             go to state 76
    struct_or_union_specifier  go to state 37
    struct_or_union            go to state 38
    specifier_qualifier_list   go to state 77
    enum_specifier             go to state 39
    atomic_type_specifier      go to state 40
    type_qualifier             go to state 78
    type_name                  go to state 279


State 162

   13 postfix_expression: postfix_expression Y_LEFT_PAREN . Y_RIGHT_PAREN
   14                   | postfix_expression Y_LEFT_PAREN . argument_expression_list Y_RIGHT_PAREN

    "identifier"            shift, and go to state 80
    "i_const"               shift, and go to state 81
    "f_const"               shift, and go to state 82
    "sting_literal"         shift, and go to state 83
    Y_EXCLAMATION           shift, and go to state 84
    Y_AND                   shift, and go to state 85
    Y_LEFT_PAREN            shift, and go to state 86
    Y_RIGHT_PAREN           shift, and go to state 280
    Y_TIMES                 shift, and go to state 87
    Y_PLUS                  shift, and go to state 88
    Y_PLUS_PLUS             shift, and go to state 89
    Y_MINUS                 shift, and go to state 90
    Y_MINUS_MINUS           shift, and go to state 91
    Y_SIZEOF                shift, and go to state 92
    Y_TILDE                 shift, and go to state 93
    Y_ENUMERATION_CONSTANT  shift, and go to state 94
    Y_FUNC_NAME             shift, and go to state 95
    Y_ALIGNOF               shift, and go to state 96

    primary_expression         go to state 97
    constant                   go to state 98
    string                     go to state 99
    postfix_expression         go to state 100
    argument_expression_list   go to state 281
    unary_expression           go to state 151
    unary_operator             go to state 102
    cast_expression            go to state 103
    multiplicative_expression  go to state 104
    additive_expression        go to state 105
    shift_expression           go to state 106
    relational_expression      go to state 107
    equality_expression        go to state 108
    and_expression             go to state 109
    exclusive_or_expression    go to state 110
    inclusive_or_expression    go to state 111
    logical_and_expression     go to state 112
    logical_or_expression      go to state 113
    conditional_expression     go to state 152
    assignment_expression      go to state 282


State 163

   17 postfix_expression: postfix_expression Y_PLUS_PLUS .

    $default  reduce using rule 17 (postfix_expression)


State 164

   18 postfix_expression: postfix_expression Y_MINUS_MINUS .

    $default  reduce using rule 18 (postfix_expression)


State 165

   16 postfix_expression: postfix_expression Y_ARROW . "identifier"

    "identifier"  shift, and go to state 283


State 166

   15 postfix_expression: postfix_expression Y_DOT . "identifier"

    "identifier"  shift, and go to state 284


State 167

   12 postfix_expression: postfix_expression Y_LEFT_BRACKET . expression Y_RIGHT_BRACKET

    "identifier"            shift, and go to state 80
    "i_const"               shift, and go to state 81
    "f_const"               shift, and go to state 82
    "sting_literal"         shift, and go to state 83
    Y_EXCLAMATION           shift, and go to state 84
    Y_AND                   shift, and go to state 85
    Y_LEFT_PAREN            shift, and go to state 86
    Y_TIMES                 shift, and go to state 87
    Y_PLUS                  shift, and go to state 88
    Y_PLUS_PLUS             shift, and go to state 89
    Y_MINUS                 shift, and go to state 90
    Y_MINUS_MINUS           shift, and go to state 91
    Y_SIZEOF                shift, and go to state 92
    Y_TILDE                 shift, and go to state 93
    Y_ENUMERATION_CONSTANT  shift, and go to state 94
    Y_FUNC_NAME             shift, and go to state 95
    Y_ALIGNOF               shift, and go to state 96

    primary_expression         go to state 97
    constant                   go to state 98
    string                     go to state 99
    postfix_expression         go to state 100
    unary_expression           go to state 151
    unary_operator             go to state 102
    cast_expression            go to state 103
    multiplicative_expression  go to state 104
    additive_expression        go to state 105
    shift_expression           go to state 106
    relational_expression      go to state 107
    equality_expression        go to state 108
    and_expression             go to state 109
    exclusive_or_expression    go to state 110
    inclusive_or_expression    go to state 111
    logical_and_expression     go to state 112
    logical_or_expression      go to state 113
    conditional_expression     go to state 152
    assignment_expression      go to state 153
    expression                 go to state 285


State 168

   26 unary_expression: unary_operator cast_expression .

    $default  reduce using rule 26 (unary_expression)


State 169

   39 multiplicative_expression: multiplicative_expression Y_TIMES . cast_expression

    "identifier"            shift, and go to state 80
    "i_const"               shift, and go to state 81
    "f_const"               shift, and go to state 82
    "sting_literal"         shift, and go to state 83
    Y_EXCLAMATION           shift, and go to state 84
    Y_AND                   shift, and go to state 85
    Y_LEFT_PAREN            shift, and go to state 86
    Y_TIMES                 shift, and go to state 87
    Y_PLUS                  shift, and go to state 88
    Y_PLUS_PLUS             shift, and go to state 89
    Y_MINUS                 shift, and go to state 90
    Y_MINUS_MINUS           shift, and go to state 91
    Y_SIZEOF                shift, and go to state 92
    Y_TILDE                 shift, and go to state 93
    Y_ENUMERATION_CONSTANT  shift, and go to state 94
    Y_FUNC_NAME             shift, and go to state 95
    Y_ALIGNOF               shift, and go to state 96

    primary_expression  go to state 97
    constant            go to state 98
    string              go to state 99
    postfix_expression  go to state 100
    unary_expression    go to state 101
    unary_operator      go to state 102
    cast_expression     go to state 286


State 170

   40 multiplicative_expression: multiplicative_expression Y_DIVIDE . cast_expression

    "identifier"            shift, and go to state 80
    "i_const"               shift, and go to state 81
    "f_const"               shift, and go to state 82
    "sting_literal"         shift, and go to state 83
    Y_EXCLAMATION           shift, and go to state 84
    Y_AND                   shift, and go to state 85
    Y_LEFT_PAREN            shift, and go to state 86
    Y_TIMES                 shift, and go to state 87
    Y_PLUS                  shift, and go to state 88
    Y_PLUS_PLUS             shift, and go to state 89
    Y_MINUS                 shift, and go to state 90
    Y_MINUS_MINUS           shift, and go to state 91
    Y_SIZEOF                shift, and go to state 92
    Y_TILDE                 shift, and go to state 93
    Y_ENUMERATION_CONSTANT  shift, and go to state 94
    Y_FUNC_NAME             shift, and go to state 95
    Y_ALIGNOF               shift, and go to state 96

    primary_expression  go to state 97
    constant            go to state 98
    string              go to state 99
    postfix_expression  go to state 100
    unary_expression    go to state 101
    unary_operator      go to state 102
    cast_expression     go to state 287


State 171

   41 multiplicative_expression: multiplicative_expression Y_PERCENT . cast_expression

    "identifier"            shift, and go to state 80
    "i_const"               shift, and go to state 81
    "f_const"               shift, and go to state 82
    "sting_literal"         shift, and go to state 83
    Y_EXCLAMATION           shift, and go to state 84
    Y_AND                   shift, and go to state 85
    Y_LEFT_PAREN            shift, and go to state 86
    Y_TIMES                 shift, and go to state 87
    Y_PLUS                  shift, and go to state 88
    Y_PLUS_PLUS             shift, and go to state 89
    Y_MINUS                 shift, and go to state 90
    Y_MINUS_MINUS           shift, and go to state 91
    Y_SIZEOF                shift, and go to state 92
    Y_TILDE                 shift, and go to state 93
    Y_ENUMERATION_CONSTANT  shift, and go to state 94
    Y_FUNC_NAME             shift, and go to state 95
    Y_ALIGNOF               shift, and go to state 96

    primary_expression  go to state 97
    constant            go to state 98
    string              go to state 99
    postfix_expression  go to state 100
    unary_expression    go to state 101
    unary_operator      go to state 102
    cast_expression     go to state 288


State 172

   43 additive_expression: additive_expression Y_PLUS . multiplicative_expression

    "identifier"            shift, and go to state 80
    "i_const"               shift, and go to state 81
    "f_const"               shift, and go to state 82
    "sting_literal"         shift, and go to state 83
    Y_EXCLAMATION           shift, and go to state 84
    Y_AND                   shift, and go to state 85
    Y_LEFT_PAREN            shift, and go to state 86
    Y_TIMES                 shift, and go to state 87
    Y_PLUS                  shift, and go to state 88
    Y_PLUS_PLUS             shift, and go to state 89
    Y_MINUS                 shift, and go to state 90
    Y_MINUS_MINUS           shift, and go to state 91
    Y_SIZEOF                shift, and go to state 92
    Y_TILDE                 shift, and go to state 93
    Y_ENUMERATION_CONSTANT  shift, and go to state 94
    Y_FUNC_NAME             shift, and go to state 95
    Y_ALIGNOF               shift, and go to state 96

    primary_expression         go to state 97
    constant                   go to state 98
    string                     go to state 99
    postfix_expression         go to state 100
    unary_expression           go to state 101
    unary_operator             go to state 102
    cast_expression            go to state 103
    multiplicative_expression  go to state 289


State 173

   44 additive_expression: additive_expression Y_MINUS . multiplicative_expression

    "identifier"            shift, and go to state 80
    "i_const"               shift, and go to state 81
    "f_const"               shift, and go to state 82
    "sting_literal"         shift, and go to state 83
    Y_EXCLAMATION           shift, and go to state 84
    Y_AND                   shift, and go to state 85
    Y_LEFT_PAREN            shift, and go to state 86
    Y_TIMES                 shift, and go to state 87
    Y_PLUS                  shift, and go to state 88
    Y_PLUS_PLUS             shift, and go to state 89
    Y_MINUS                 shift, and go to state 90
    Y_MINUS_MINUS           shift, and go to state 91
    Y_SIZEOF                shift, and go to state 92
    Y_TILDE                 shift, and go to state 93
    Y_ENUMERATION_CONSTANT  shift, and go to state 94
    Y_FUNC_NAME             shift, and go to state 95
    Y_ALIGNOF               shift, and go to state 96

    primary_expression         go to state 97
    constant                   go to state 98
    string                     go to state 99
    postfix_expression         go to state 100
    unary_expression           go to state 101
    unary_operator             go to state 102
    cast_expression            go to state 103
    multiplicative_expression  go to state 290


State 174

   47 shift_expression: shift_expression Y_LSHIFT . additive_expression

    "identifier"            shift, and go to state 80
    "i_const"               shift, and go to state 81
    "f_const"               shift, and go to state 82
    "sting_literal"         shift, and go to state 83
    Y_EXCLAMATION           shift, and go to state 84
    Y_AND                   shift, and go to state 85
    Y_LEFT_PAREN            shift, and go to state 86
    Y_TIMES                 shift, and go to state 87
    Y_PLUS                  shift, and go to state 88
    Y_PLUS_PLUS             shift, and go to state 89
    Y_MINUS                 shift, and go to state 90
    Y_MINUS_MINUS           shift, and go to state 91
    Y_SIZEOF                shift, and go to state 92
    Y_TILDE                 shift, and go to state 93
    Y_ENUMERATION_CONSTANT  shift, and go to state 94
    Y_FUNC_NAME             shift, and go to state 95
    Y_ALIGNOF               shift, and go to state 96

    primary_expression         go to state 97
    constant                   go to state 98
    string                     go to state 99
    postfix_expression         go to state 100
    unary_expression           go to state 101
    unary_operator             go to state 102
    cast_expression            go to state 103
    multiplicative_expression  go to state 104
    additive_expression        go to state 291


State 175

   46 shift_expression: shift_expression Y_RSHIFT . additive_expression

    "identifier"            shift, and go to state 80
    "i_const"               shift, and go to state 81
    "f_const"               shift, and go to state 82
    "sting_literal"         shift, and go to state 83
    Y_EXCLAMATION           shift, and go to state 84
    Y_AND                   shift, and go to state 85
    Y_LEFT_PAREN            shift, and go to state 86
    Y_TIMES                 shift, and go to state 87
    Y_PLUS                  shift, and go to state 88
    Y_PLUS_PLUS             shift, and go to state 89
    Y_MINUS                 shift, and go to state 90
    Y_MINUS_MINUS           shift, and go to state 91
    Y_SIZEOF                shift, and go to state 92
    Y_TILDE                 shift, and go to state 93
    Y_ENUMERATION_CONSTANT  shift, and go to state 94
    Y_FUNC_NAME             shift, and go to state 95
    Y_ALIGNOF               shift, and go to state 96

    primary_expression         go to state 97
    constant                   go to state 98
    string                     go to state 99
    postfix_expression         go to state 100
    unary_expression           go to state 101
    unary_operator             go to state 102
    cast_expression            go to state 103
    multiplicative_expression  go to state 104
    additive_expression        go to state 292


State 176

   49 relational_expression: relational_expression Y_LT . shift_expression

    "identifier"            shift, and go to state 80
    "i_const"               shift, and go to state 81
    "f_const"               shift, and go to state 82
    "sting_literal"         shift, and go to state 83
    Y_EXCLAMATION           shift, and go to state 84
    Y_AND                   shift, and go to state 85
    Y_LEFT_PAREN            shift, and go to state 86
    Y_TIMES                 shift, and go to state 87
    Y_PLUS                  shift, and go to state 88
    Y_PLUS_PLUS             shift, and go to state 89
    Y_MINUS                 shift, and go to state 90
    Y_MINUS_MINUS           shift, and go to state 91
    Y_SIZEOF                shift, and go to state 92
    Y_TILDE                 shift, and go to state 93
    Y_ENUMERATION_CONSTANT  shift, and go to state 94
    Y_FUNC_NAME             shift, and go to state 95
    Y_ALIGNOF               shift, and go to state 96

    primary_expression         go to state 97
    constant                   go to state 98
    string                     go to state 99
    postfix_expression         go to state 100
    unary_expression           go to state 101
    unary_operator             go to state 102
    cast_expression            go to state 103
    multiplicative_expression  go to state 104
    additive_expression        go to state 105
    shift_expression           go to state 293


State 177

   51 relational_expression: relational_expression Y_LE . shift_expression

    "identifier"            shift, and go to state 80
    "i_const"               shift, and go to state 81
    "f_const"               shift, and go to state 82
    "sting_literal"         shift, and go to state 83
    Y_EXCLAMATION           shift, and go to state 84
    Y_AND                   shift, and go to state 85
    Y_LEFT_PAREN            shift, and go to state 86
    Y_TIMES                 shift, and go to state 87
    Y_PLUS                  shift, and go to state 88
    Y_PLUS_PLUS             shift, and go to state 89
    Y_MINUS                 shift, and go to state 90
    Y_MINUS_MINUS           shift, and go to state 91
    Y_SIZEOF                shift, and go to state 92
    Y_TILDE                 shift, and go to state 93
    Y_ENUMERATION_CONSTANT  shift, and go to state 94
    Y_FUNC_NAME             shift, and go to state 95
    Y_ALIGNOF               shift, and go to state 96

    primary_expression         go to state 97
    constant                   go to state 98
    string                     go to state 99
    postfix_expression         go to state 100
    unary_expression           go to state 101
    unary_operator             go to state 102
    cast_expression            go to state 103
    multiplicative_expression  go to state 104
    additive_expression        go to state 105
    shift_expression           go to state 294


State 178

   50 relational_expression: relational_expression Y_GT . shift_expression

    "identifier"            shift, and go to state 80
    "i_const"               shift, and go to state 81
    "f_const"               shift, and go to state 82
    "sting_literal"         shift, and go to state 83
    Y_EXCLAMATION           shift, and go to state 84
    Y_AND                   shift, and go to state 85
    Y_LEFT_PAREN            shift, and go to state 86
    Y_TIMES                 shift, and go to state 87
    Y_PLUS                  shift, and go to state 88
    Y_PLUS_PLUS             shift, and go to state 89
    Y_MINUS                 shift, and go to state 90
    Y_MINUS_MINUS           shift, and go to state 91
    Y_SIZEOF                shift, and go to state 92
    Y_TILDE                 shift, and go to state 93
    Y_ENUMERATION_CONSTANT  shift, and go to state 94
    Y_FUNC_NAME             shift, and go to state 95
    Y_ALIGNOF               shift, and go to state 96

    primary_expression         go to state 97
    constant                   go to state 98
    string                     go to state 99
    postfix_expression         go to state 100
    unary_expression           go to state 101
    unary_operator             go to state 102
    cast_expression            go to state 103
    multiplicative_expression  go to state 104
    additive_expression        go to state 105
    shift_expression           go to state 295


State 179

   52 relational_expression: relational_expression Y_GE . shift_expression

    "identifier"            shift, and go to state 80
    "i_const"               shift, and go to state 81
    "f_const"               shift, and go to state 82
    "sting_literal"         shift, and go to state 83
    Y_EXCLAMATION           shift, and go to state 84
    Y_AND                   shift, and go to state 85
    Y_LEFT_PAREN            shift, and go to state 86
    Y_TIMES                 shift, and go to state 87
    Y_PLUS                  shift, and go to state 88
    Y_PLUS_PLUS             shift, and go to state 89
    Y_MINUS                 shift, and go to state 90
    Y_MINUS_MINUS           shift, and go to state 91
    Y_SIZEOF                shift, and go to state 92
    Y_TILDE                 shift, and go to state 93
    Y_ENUMERATION_CONSTANT  shift, and go to state 94
    Y_FUNC_NAME             shift, and go to state 95
    Y_ALIGNOF               shift, and go to state 96

    primary_expression         go to state 97
    constant                   go to state 98
    string                     go to state 99
    postfix_expression         go to state 100
    unary_expression           go to state 101
    unary_operator             go to state 102
    cast_expression            go to state 103
    multiplicative_expression  go to state 104
    additive_expression        go to state 105
    shift_expression           go to state 296


State 180

   55 equality_expression: equality_expression Y_NE . relational_expression

    "identifier"            shift, and go to state 80
    "i_const"               shift, and go to state 81
    "f_const"               shift, and go to state 82
    "sting_literal"         shift, and go to state 83
    Y_EXCLAMATION           shift, and go to state 84
    Y_AND                   shift, and go to state 85
    Y_LEFT_PAREN            shift, and go to state 86
    Y_TIMES                 shift, and go to state 87
    Y_PLUS                  shift, and go to state 88
    Y_PLUS_PLUS             shift, and go to state 89
    Y_MINUS                 shift, and go to state 90
    Y_MINUS_MINUS           shift, and go to state 91
    Y_SIZEOF                shift, and go to state 92
    Y_TILDE                 shift, and go to state 93
    Y_ENUMERATION_CONSTANT  shift, and go to state 94
    Y_FUNC_NAME             shift, and go to state 95
    Y_ALIGNOF               shift, and go to state 96

    primary_expression         go to state 97
    constant                   go to state 98
    string                     go to state 99
    postfix_expression         go to state 100
    unary_expression           go to state 101
    unary_operator             go to state 102
    cast_expression            go to state 103
    multiplicative_expression  go to state 104
    additive_expression        go to state 105
    shift_expression           go to state 106
    relational_expression      go to state 297


State 181

   54 equality_expression: equality_expression Y_EQ . relational_expression

    "identifier"            shift, and go to state 80
    "i_const"               shift, and go to state 81
    "f_const"               shift, and go to state 82
    "sting_literal"         shift, and go to state 83
    Y_EXCLAMATION           shift, and go to state 84
    Y_AND                   shift, and go to state 85
    Y_LEFT_PAREN            shift, and go to state 86
    Y_TIMES                 shift, and go to state 87
    Y_PLUS                  shift, and go to state 88
    Y_PLUS_PLUS             shift, and go to state 89
    Y_MINUS                 shift, and go to state 90
    Y_MINUS_MINUS           shift, and go to state 91
    Y_SIZEOF                shift, and go to state 92
    Y_TILDE                 shift, and go to state 93
    Y_ENUMERATION_CONSTANT  shift, and go to state 94
    Y_FUNC_NAME             shift, and go to state 95
    Y_ALIGNOF               shift, and go to state 96

    primary_expression         go to state 97
    constant                   go to state 98
    string                     go to state 99
    postfix_expression         go to state 100
    unary_expression           go to state 101
    unary_operator             go to state 102
    cast_expression            go to state 103
    multiplicative_expression  go to state 104
    additive_expression        go to state 105
    shift_expression           go to state 106
    relational_expression      go to state 298


State 182

   57 and_expression: and_expression Y_AND . equality_expression

    "identifier"            shift, and go to state 80
    "i_const"               shift, and go to state 81
    "f_const"               shift, and go to state 82
    "sting_literal"         shift, and go to state 83
    Y_EXCLAMATION           shift, and go to state 84
    Y_AND                   shift, and go to state 85
    Y_LEFT_PAREN            shift, and go to state 86
    Y_TIMES                 shift, and go to state 87
    Y_PLUS                  shift, and go to state 88
    Y_PLUS_PLUS             shift, and go to state 89
    Y_MINUS                 shift, and go to state 90
    Y_MINUS_MINUS           shift, and go to state 91
    Y_SIZEOF                shift, and go to state 92
    Y_TILDE                 shift, and go to state 93
    Y_ENUMERATION_CONSTANT  shift, and go to state 94
    Y_FUNC_NAME             shift, and go to state 95
    Y_ALIGNOF               shift, and go to state 96

    primary_expression         go to state 97
    constant                   go to state 98
    string                     go to state 99
    postfix_expression         go to state 100
    unary_expression           go to state 101
    unary_operator             go to state 102
    cast_expression            go to state 103
    multiplicative_expression  go to state 104
    additive_expression        go to state 105
    shift_expression           go to state 106
    relational_expression      go to state 107
    equality_expression        go to state 299


State 183

   59 exclusive_or_expression: exclusive_or_expression Y_XOR . and_expression

    "identifier"            shift, and go to state 80
    "i_const"               shift, and go to state 81
    "f_const"               shift, and go to state 82
    "sting_literal"         shift, and go to state 83
    Y_EXCLAMATION           shift, and go to state 84
    Y_AND                   shift, and go to state 85
    Y_LEFT_PAREN            shift, and go to state 86
    Y_TIMES                 shift, and go to state 87
    Y_PLUS                  shift, and go to state 88
    Y_PLUS_PLUS             shift, and go to state 89
    Y_MINUS                 shift, and go to state 90
    Y_MINUS_MINUS           shift, and go to state 91
    Y_SIZEOF                shift, and go to state 92
    Y_TILDE                 shift, and go to state 93
    Y_ENUMERATION_CONSTANT  shift, and go to state 94
    Y_FUNC_NAME             shift, and go to state 95
    Y_ALIGNOF               shift, and go to state 96

    primary_expression         go to state 97
    constant                   go to state 98
    string                     go to state 99
    postfix_expression         go to state 100
    unary_expression           go to state 101
    unary_operator             go to state 102
    cast_expression            go to state 103
    multiplicative_expression  go to state 104
    additive_expression        go to state 105
    shift_expression           go to state 106
    relational_expression      go to state 107
    equality_expression        go to state 108
    and_expression             go to state 300


State 184

   61 inclusive_or_expression: inclusive_or_expression Y_OR . exclusive_or_expression

    "identifier"            shift, and go to state 80
    "i_const"               shift, and go to state 81
    "f_const"               shift, and go to state 82
    "sting_literal"         shift, and go to state 83
    Y_EXCLAMATION           shift, and go to state 84
    Y_AND                   shift, and go to state 85
    Y_LEFT_PAREN            shift, and go to state 86
    Y_TIMES                 shift, and go to state 87
    Y_PLUS                  shift, and go to state 88
    Y_PLUS_PLUS             shift, and go to state 89
    Y_MINUS                 shift, and go to state 90
    Y_MINUS_MINUS           shift, and go to state 91
    Y_SIZEOF                shift, and go to state 92
    Y_TILDE                 shift, and go to state 93
    Y_ENUMERATION_CONSTANT  shift, and go to state 94
    Y_FUNC_NAME             shift, and go to state 95
    Y_ALIGNOF               shift, and go to state 96

    primary_expression         go to state 97
    constant                   go to state 98
    string                     go to state 99
    postfix_expression         go to state 100
    unary_expression           go to state 101
    unary_operator             go to state 102
    cast_expression            go to state 103
    multiplicative_expression  go to state 104
    additive_expression        go to state 105
    shift_expression           go to state 106
    relational_expression      go to state 107
    equality_expression        go to state 108
    and_expression             go to state 109
    exclusive_or_expression    go to state 301


State 185

   63 logical_and_expression: logical_and_expression Y_AND_AND . inclusive_or_expression

    "identifier"            shift, and go to state 80
    "i_const"               shift, and go to state 81
    "f_const"               shift, and go to state 82
    "sting_literal"         shift, and go to state 83
    Y_EXCLAMATION           shift, and go to state 84
    Y_AND                   shift, and go to state 85
    Y_LEFT_PAREN            shift, and go to state 86
    Y_TIMES                 shift, and go to state 87
    Y_PLUS                  shift, and go to state 88
    Y_PLUS_PLUS             shift, and go to state 89
    Y_MINUS                 shift, and go to state 90
    Y_MINUS_MINUS           shift, and go to state 91
    Y_SIZEOF                shift, and go to state 92
    Y_TILDE                 shift, and go to state 93
    Y_ENUMERATION_CONSTANT  shift, and go to state 94
    Y_FUNC_NAME             shift, and go to state 95
    Y_ALIGNOF               shift, and go to state 96

    primary_expression         go to state 97
    constant                   go to state 98
    string                     go to state 99
    postfix_expression         go to state 100
    unary_expression           go to state 101
    unary_operator             go to state 102
    cast_expression            go to state 103
    multiplicative_expression  go to state 104
    additive_expression        go to state 105
    shift_expression           go to state 106
    relational_expression      go to state 107
    equality_expression        go to state 108
    and_expression             go to state 109
    exclusive_or_expression    go to state 110
    inclusive_or_expression    go to state 302


State 186

   67 conditional_expression: logical_or_expression Y_QUESTION . expression Y_COLON conditional_expression

    "identifier"            shift, and go to state 80
    "i_const"               shift, and go to state 81
    "f_const"               shift, and go to state 82
    "sting_literal"         shift, and go to state 83
    Y_EXCLAMATION           shift, and go to state 84
    Y_AND                   shift, and go to state 85
    Y_LEFT_PAREN            shift, and go to state 86
    Y_TIMES                 shift, and go to state 87
    Y_PLUS                  shift, and go to state 88
    Y_PLUS_PLUS             shift, and go to state 89
    Y_MINUS                 shift, and go to state 90
    Y_MINUS_MINUS           shift, and go to state 91
    Y_SIZEOF                shift, and go to state 92
    Y_TILDE                 shift, and go to state 93
    Y_ENUMERATION_CONSTANT  shift, and go to state 94
    Y_FUNC_NAME             shift, and go to state 95
    Y_ALIGNOF               shift, and go to state 96

    primary_expression         go to state 97
    constant                   go to state 98
    string                     go to state 99
    postfix_expression         go to state 100
    unary_expression           go to state 151
    unary_operator             go to state 102
    cast_expression            go to state 103
    multiplicative_expression  go to state 104
    additive_expression        go to state 105
    shift_expression           go to state 106
    relational_expression      go to state 107
    equality_expression        go to state 108
    and_expression             go to state 109
    exclusive_or_expression    go to state 110
    inclusive_or_expression    go to state 111
    logical_and_expression     go to state 112
    logical_or_expression      go to state 113
    conditional_expression     go to state 152
    assignment_expression      go to state 153
    expression                 go to state 303


State 187

   65 logical_or_expression: logical_or_expression Y_OR_OR . logical_and_expression

    "identifier"            shift, and go to state 80
    "i_const"               shift, and go to state 81
    "f_const"               shift, and go to state 82
    "sting_literal"         shift, and go to state 83
    Y_EXCLAMATION           shift, and go to state 84
    Y_AND                   shift, and go to state 85
    Y_LEFT_PAREN            shift, and go to state 86
    Y_TIMES                 shift, and go to state 87
    Y_PLUS                  shift, and go to state 88
    Y_PLUS_PLUS             shift, and go to state 89
    Y_MINUS                 shift, and go to state 90
    Y_MINUS_MINUS           shift, and go to state 91
    Y_SIZEOF                shift, and go to state 92
    Y_TILDE                 shift, and go to state 93
    Y_ENUMERATION_CONSTANT  shift, and go to state 94
    Y_FUNC_NAME             shift, and go to state 95
    Y_ALIGNOF               shift, and go to state 96

    primary_expression         go to state 97
    constant                   go to state 98
    string                     go to state 99
    postfix_expression         go to state 100
    unary_expression           go to state 101
    unary_operator             go to state 102
    cast_expression            go to state 103
    multiplicative_expression  go to state 104
    additive_expression        go to state 105
    shift_expression           go to state 106
    relational_expression      go to state 107
    equality_expression        go to state 108
    and_expression             go to state 109
    exclusive_or_expression    go to state 110
    inclusive_or_expression    go to state 111
    logical_and_expression     go to state 304


State 188

  161 alignment_specifier: Y_ALIGNAS Y_LEFT_PAREN constant_expression Y_RIGHT_PAREN .

    $default  reduce using rule 161 (alignment_specifier)


State 189

  160 alignment_specifier: Y_ALIGNAS Y_LEFT_PAREN type_name Y_RIGHT_PAREN .

    $default  reduce using rule 160 (alignment_specifier)


State 190

  231 static_assert_declaration: Y_STATIC_ASSERT Y_LEFT_PAREN constant_expression Y_COMMA . "sting_literal" Y_RIGHT_PAREN Y_SEMICOLON

    "sting_literal"  shift, and go to state 305


State 191

  165 direct_declarator: Y_LEFT_PAREN declarator Y_RIGHT_PAREN .

    $default  reduce using rule 165 (direct_declarator)


State 192

  183 type_qualifier_list: type_qualifier_list type_qualifier .

    $default  reduce using rule 183 (type_qualifier_list)


State 193

  178 pointer: Y_TIMES type_qualifier_list pointer .

    $default  reduce using rule 178 (pointer)


State 194

   98 init_declarator_list: init_declarator_list Y_COMMA init_declarator .

    $default  reduce using rule 98 (init_declarator_list)


State 195

   99 init_declarator: declarator . Y_EQUAL initializer
  100                | declarator .

    Y_EQUAL  shift, and go to state 125

    $default  reduce using rule 100 (init_declarator)


State 196

  219 initializer: Y_LEFT_BRACE . initializer_list Y_RIGHT_BRACE
  220            | Y_LEFT_BRACE . initializer_list Y_COMMA Y_RIGHT_BRACE

    "identifier"            shift, and go to state 80
    "i_const"               shift, and go to state 81
    "f_const"               shift, and go to state 82
    "sting_literal"         shift, and go to state 83
    Y_EXCLAMATION           shift, and go to state 84
    Y_AND                   shift, and go to state 85
    Y_LEFT_PAREN            shift, and go to state 86
    Y_TIMES                 shift, and go to state 87
    Y_PLUS                  shift, and go to state 88
    Y_PLUS_PLUS             shift, and go to state 89
    Y_MINUS                 shift, and go to state 90
    Y_MINUS_MINUS           shift, and go to state 91
    Y_DOT                   shift, and go to state 306
    Y_LEFT_BRACKET          shift, and go to state 307
    Y_SIZEOF                shift, and go to state 92
    Y_LEFT_BRACE            shift, and go to state 196
    Y_TILDE                 shift, and go to state 93
    Y_ENUMERATION_CONSTANT  shift, and go to state 94
    Y_FUNC_NAME             shift, and go to state 95
    Y_ALIGNOF               shift, and go to state 96

    primary_expression         go to state 97
    constant                   go to state 98
    string                     go to state 99
    postfix_expression         go to state 100
    unary_expression           go to state 151
    unary_operator             go to state 102
    cast_expression            go to state 103
    multiplicative_expression  go to state 104
    additive_expression        go to state 105
    shift_expression           go to state 106
    relational_expression      go to state 107
    equality_expression        go to state 108
    and_expression             go to state 109
    exclusive_or_expression    go to state 110
    inclusive_or_expression    go to state 111
    logical_and_expression     go to state 112
    logical_or_expression      go to state 113
    conditional_expression     go to state 152
    assignment_expression      go to state 197
    initializer                go to state 308
    initializer_list           go to state 309
    designation                go to state 310
    designator_list            go to state 311
    designator                 go to state 312


State 197

  221 initializer: assignment_expression .

    $default  reduce using rule 221 (initializer)


State 198

   99 init_declarator: declarator Y_EQUAL initializer .

    $default  reduce using rule 99 (init_declarator)


State 199

    1 primary_expression: "identifier" .
  238 labeled_statement: "identifier" . Y_COLON statement

    Y_COLON  shift, and go to state 313

    $default  reduce using rule 1 (primary_expression)


State 200

  247 expression_statement: Y_SEMICOLON .

    $default  reduce using rule 247 (expression_statement)


State 201

  241 compound_statement: Y_LEFT_BRACE Y_RIGHT_BRACE .

    $default  reduce using rule 241 (compound_statement)


State 202

  249 selection_statement: Y_IF . Y_LEFT_PAREN expression Y_RIGHT_PAREN statement Y_ELSE statement
  250                    | Y_IF . Y_LEFT_PAREN expression Y_RIGHT_PAREN statement

    Y_LEFT_PAREN  shift, and go to state 314


State 203

  240 labeled_statement: Y_DEFAULT . Y_COLON statement

    Y_COLON  shift, and go to state 315


State 204

  239 labeled_statement: Y_CASE . constant_expression Y_COLON statement

    "identifier"            shift, and go to state 80
    "i_const"               shift, and go to state 81
    "f_const"               shift, and go to state 82
    "sting_literal"         shift, and go to state 83
    Y_EXCLAMATION           shift, and go to state 84
    Y_AND                   shift, and go to state 85
    Y_LEFT_PAREN            shift, and go to state 86
    Y_TIMES                 shift, and go to state 87
    Y_PLUS                  shift, and go to state 88
    Y_PLUS_PLUS             shift, and go to state 89
    Y_MINUS                 shift, and go to state 90
    Y_MINUS_MINUS           shift, and go to state 91
    Y_SIZEOF                shift, and go to state 92
    Y_TILDE                 shift, and go to state 93
    Y_ENUMERATION_CONSTANT  shift, and go to state 94
    Y_FUNC_NAME             shift, and go to state 95
    Y_ALIGNOF               shift, and go to state 96

    primary_expression         go to state 97
    constant                   go to state 98
    string                     go to state 99
    postfix_expression         go to state 100
    unary_expression           go to state 101
    unary_operator             go to state 102
    cast_expression            go to state 103
    multiplicative_expression  go to state 104
    additive_expression        go to state 105
    shift_expression           go to state 106
    relational_expression      go to state 107
    equality_expression        go to state 108
    and_expression             go to state 109
    exclusive_or_expression    go to state 110
    inclusive_or_expression    go to state 111
    logical_and_expression     go to state 112
    logical_or_expression      go to state 113
    conditional_expression     go to state 114
    constant_expression        go to state 316


State 205

  251 selection_statement: Y_SWITCH . Y_LEFT_PAREN expression Y_RIGHT_PAREN statement

    Y_LEFT_PAREN  shift, and go to state 317


State 206

  252 iteration_statement: Y_WHILE . Y_LEFT_PAREN expression Y_RIGHT_PAREN statement

    Y_LEFT_PAREN  shift, and go to state 318


State 207

  253 iteration_statement: Y_DO . statement Y_WHILE Y_LEFT_PAREN expression Y_RIGHT_PAREN Y_SEMICOLON

    "identifier"            shift, and go to state 199
    "i_const"               shift, and go to state 81
    "f_const"               shift, and go to state 82
    "sting_literal"         shift, and go to state 83
    Y_EXCLAMATION           shift, and go to state 84
    Y_AND                   shift, and go to state 85
    Y_LEFT_PAREN            shift, and go to state 86
    Y_TIMES                 shift, and go to state 87
    Y_PLUS                  shift, and go to state 88
    Y_PLUS_PLUS             shift, and go to state 89
    Y_MINUS                 shift, and go to state 90
    Y_MINUS_MINUS           shift, and go to state 91
    Y_SEMICOLON             shift, and go to state 200
    Y_SIZEOF                shift, and go to state 92
    Y_LEFT_BRACE            shift, and go to state 126
    Y_TILDE                 shift, and go to state 93
    Y_IF                    shift, and go to state 202
    Y_ENUMERATION_CONSTANT  shift, and go to state 94
    Y_FUNC_NAME             shift, and go to state 95
    Y_DEFAULT               shift, and go to state 203
    Y_CASE                  shift, and go to state 204
    Y_ALIGNOF               shift, and go to state 96
    Y_SWITCH                shift, and go to state 205
    Y_WHILE                 shift, and go to state 206
    Y_DO                    shift, and go to state 207
    Y_FOR                   shift, and go to state 208
    Y_GOTO                  shift, and go to state 209
    Y_CONTINUE              shift, and go to state 210
    Y_BREAK                 shift, and go to state 211
    Y_RETURN                shift, and go to state 212

    primary_expression         go to state 97
    constant                   go to state 98
    string                     go to state 99
    postfix_expression         go to state 100
    unary_expression           go to state 151
    unary_operator             go to state 102
    cast_expression            go to state 103
    multiplicative_expression  go to state 104
    additive_expression        go to state 105
    shift_expression           go to state 106
    relational_expression      go to state 107
    equality_expression        go to state 108
    and_expression             go to state 109
    exclusive_or_expression    go to state 110
    inclusive_or_expression    go to state 111
    logical_and_expression     go to state 112
    logical_or_expression      go to state 113
    conditional_expression     go to state 152
    assignment_expression      go to state 153
    expression                 go to state 213
    statement                  go to state 319
    labeled_statement          go to state 216
    compound_statement         go to state 217
    expression_statement       go to state 220
    selection_statement        go to state 221
    iteration_statement        go to state 222
    jump_statement             go to state 223


State 208

  254 iteration_statement: Y_FOR . Y_LEFT_PAREN expression_statement expression_statement Y_RIGHT_PAREN statement
  255                    | Y_FOR . Y_LEFT_PAREN expression_statement expression_statement expression Y_RIGHT_PAREN statement
  256                    | Y_FOR . Y_LEFT_PAREN declaration expression_statement Y_RIGHT_PAREN statement
  257                    | Y_FOR . Y_LEFT_PAREN declaration expression_statement expression Y_RIGHT_PAREN statement

    Y_LEFT_PAREN  shift, and go to state 320


State 209

  258 jump_statement: Y_GOTO . "identifier" Y_SEMICOLON

    "identifier"  shift, and go to state 321


State 210

  259 jump_statement: Y_CONTINUE . Y_SEMICOLON

    Y_SEMICOLON  shift, and go to state 322


State 211

  260 jump_statement: Y_BREAK . Y_SEMICOLON

    Y_SEMICOLON  shift, and go to state 323


State 212

  261 jump_statement: Y_RETURN . Y_SEMICOLON
  262               | Y_RETURN . expression Y_SEMICOLON

    "identifier"            shift, and go to state 80
    "i_const"               shift, and go to state 81
    "f_const"               shift, and go to state 82
    "sting_literal"         shift, and go to state 83
    Y_EXCLAMATION           shift, and go to state 84
    Y_AND                   shift, and go to state 85
    Y_LEFT_PAREN            shift, and go to state 86
    Y_TIMES                 shift, and go to state 87
    Y_PLUS                  shift, and go to state 88
    Y_PLUS_PLUS             shift, and go to state 89
    Y_MINUS                 shift, and go to state 90
    Y_MINUS_MINUS           shift, and go to state 91
    Y_SEMICOLON             shift, and go to state 324
    Y_SIZEOF                shift, and go to state 92
    Y_TILDE                 shift, and go to state 93
    Y_ENUMERATION_CONSTANT  shift, and go to state 94
    Y_FUNC_NAME             shift, and go to state 95
    Y_ALIGNOF               shift, and go to state 96

    primary_expression         go to state 97
    constant                   go to state 98
    string                     go to state 99
    postfix_expression         go to state 100
    unary_expression           go to state 151
    unary_operator             go to state 102
    cast_expression            go to state 103
    multiplicative_expression  go to state 104
    additive_expression        go to state 105
    shift_expression           go to state 106
    relational_expression      go to state 107
    equality_expression        go to state 108
    and_expression             go to state 109
    exclusive_or_expression    go to state 110
    inclusive_or_expression    go to state 111
    logical_and_expression     go to state 112
    logical_or_expression      go to state 113
    conditional_expression     go to state 152
    assignment_expression      go to state 153
    expression                 go to state 325


State 213

   82 expression: expression . Y_COMMA assignment_expression
  248 expression_statement: expression . Y_SEMICOLON

    Y_COMMA      shift, and go to state 275
    Y_SEMICOLON  shift, and go to state 326


State 214

  245 block_item: declaration .

    $default  reduce using rule 245 (block_item)


State 215

  246 block_item: statement .

    $default  reduce using rule 246 (block_item)


State 216

  232 statement: labeled_statement .

    $default  reduce using rule 232 (statement)


State 217

  233 statement: compound_statement .

    $default  reduce using rule 233 (statement)


State 218

  242 compound_statement: Y_LEFT_BRACE block_item_list . Y_RIGHT_BRACE
  244 block_item_list: block_item_list . block_item

    "identifier"            shift, and go to state 199
    "i_const"               shift, and go to state 81
    "f_const"               shift, and go to state 82
    "sting_literal"         shift, and go to state 83
    Y_EXCLAMATION           shift, and go to state 84
    Y_AND                   shift, and go to state 85
    Y_LEFT_PAREN            shift, and go to state 86
    Y_TIMES                 shift, and go to state 87
    Y_PLUS                  shift, and go to state 88
    Y_PLUS_PLUS             shift, and go to state 89
    Y_MINUS                 shift, and go to state 90
    Y_MINUS_MINUS           shift, and go to state 91
    Y_SEMICOLON             shift, and go to state 200
    Y_THREAD_LOCAL          shift, and go to state 1
    Y_AUTO                  shift, and go to state 2
    Y_CHAR                  shift, and go to state 3
    Y_CONST                 shift, and go to state 4
    Y_DOUBLE                shift, and go to state 5
    Y_ENUM                  shift, and go to state 6
    Y_EXTERN                shift, and go to state 7
    Y_FLOAT                 shift, and go to state 8
    Y_INT                   shift, and go to state 9
    Y_LONG                  shift, and go to state 10
    Y_REGISTER              shift, and go to state 11
    Y_SHORT                 shift, and go to state 12
    Y_SIGNED                shift, and go to state 13
    Y_SIZEOF                shift, and go to state 92
    Y_STATIC                shift, and go to state 14
    Y_STRUCT                shift, and go to state 15
    Y_TYPEDEF               shift, and go to state 16
    Y_UNION                 shift, and go to state 17
    Y_UNSIGNED              shift, and go to state 18
    Y_VOID                  shift, and go to state 19
    Y_VOLATILE              shift, and go to state 20
    Y_LEFT_BRACE            shift, and go to state 126
    Y_RIGHT_BRACE           shift, and go to state 327
    Y_TILDE                 shift, and go to state 93
    Y_IF                    shift, and go to state 202
    Y_TYPEDEF_NAME          shift, and go to state 21
    Y_ENUMERATION_CONSTANT  shift, and go to state 94
    Y_FUNC_NAME             shift, and go to state 95
    Y_DEFAULT               shift, and go to state 203
    Y_CASE                  shift, and go to state 204
    Y_ALIGNOF               shift, and go to state 96
    Y_IMAGINARY             shift, and go to state 22
    Y_COMPLEX               shift, and go to state 23
    Y_LONG_DOUBLE           shift, and go to state 24
    Y_BOOL                  shift, and go to state 25
    Y_ATOMIC                shift, and go to state 26
    Y_RESTRICT              shift, and go to state 27
    Y_INLINE                shift, and go to state 28
    Y_NORETURN              shift, and go to state 29
    Y_ALIGNAS               shift, and go to state 30
    Y_STATIC_ASSERT         shift, and go to state 31
    Y_SWITCH                shift, and go to state 205
    Y_WHILE                 shift, and go to state 206
    Y_DO                    shift, and go to state 207
    Y_FOR                   shift, and go to state 208
    Y_GOTO                  shift, and go to state 209
    Y_CONTINUE              shift, and go to state 210
    Y_BREAK                 shift, and go to state 211
    Y_RETURN                shift, and go to state 212
    Y_LONG_LONG             shift, and go to state 32

    primary_expression         go to state 97
    constant                   go to state 98
    string                     go to state 99
    postfix_expression         go to state 100
    unary_expression           go to state 151
    unary_operator             go to state 102
    cast_expression            go to state 103
    multiplicative_expression  go to state 104
    additive_expression        go to state 105
    shift_expression           go to state 106
    relational_expression      go to state 107
    equality_expression        go to state 108
    and_expression             go to state 109
    exclusive_or_expression    go to state 110
    inclusive_or_expression    go to state 111
    logical_and_expression     go to state 112
    logical_or_expression      go to state 113
    conditional_expression     go to state 152
    assignment_expression      go to state 153
    expression                 go to state 213
    declaration                go to state 214
    declaration_specifiers     go to state 128
    storage_class_specifier    go to state 35
    type_specifier             go to state 36
    struct_or_union_specifier  go to state 37
    struct_or_union            go to state 38
    enum_specifier             go to state 39
    atomic_type_specifier      go to state 40
    type_qualifier             go to state 41
    function_specifier         go to state 42
    alignment_specifier        go to state 43
    static_assert_declaration  go to state 44
    statement                  go to state 215
    labeled_statement          go to state 216
    compound_statement         go to state 217
    block_item                 go to state 328
    expression_statement       go to state 220
    selection_statement        go to state 221
    iteration_statement        go to state 222
    jump_statement             go to state 223


State 219

  243 block_item_list: block_item .

    $default  reduce using rule 243 (block_item_list)


State 220

  234 statement: expression_statement .

    $default  reduce using rule 234 (statement)


State 221

  235 statement: selection_statement .

    $default  reduce using rule 235 (statement)


State 222

  236 statement: iteration_statement .

    $default  reduce using rule 236 (statement)


State 223

  237 statement: jump_statement .

    $default  reduce using rule 237 (statement)


State 224

  270 declaration_list: declaration_list declaration .

    $default  reduce using rule 270 (declaration_list)


State 225

  267 function_definition: declaration_specifiers declarator declaration_list compound_statement .

    $default  reduce using rule 267 (function_definition)


State 226

  191 identifier_list: "identifier" .

    $default  reduce using rule 191 (identifier_list)


State 227

  176 direct_declarator: direct_declarator Y_LEFT_PAREN Y_RIGHT_PAREN .

    $default  reduce using rule 176 (direct_declarator)


State 228

  188 parameter_declaration: declaration_specifiers . declarator
  189                      | declaration_specifiers . abstract_declarator
  190                      | declaration_specifiers .

    "identifier"    shift, and go to state 53
    Y_LEFT_PAREN    shift, and go to state 329
    Y_TIMES         shift, and go to state 55
    Y_LEFT_BRACKET  shift, and go to state 145

    $default  reduce using rule 190 (parameter_declaration)

    declarator                  go to state 330
    direct_declarator           go to state 60
    pointer                     go to state 331
    abstract_declarator         go to state 332
    direct_abstract_declarator  go to state 148


State 229

  175 direct_declarator: direct_declarator Y_LEFT_PAREN parameter_type_list . Y_RIGHT_PAREN

    Y_RIGHT_PAREN  shift, and go to state 333


State 230

  184 parameter_type_list: parameter_list . Y_COMMA Y_DOT_DOT_DOT
  185                    | parameter_list .
  187 parameter_list: parameter_list . Y_COMMA parameter_declaration

    Y_COMMA  shift, and go to state 334

    $default  reduce using rule 185 (parameter_type_list)


State 231

  186 parameter_list: parameter_declaration .

    $default  reduce using rule 186 (parameter_list)


State 232

  177 direct_declarator: direct_declarator Y_LEFT_PAREN identifier_list . Y_RIGHT_PAREN
  192 identifier_list: identifier_list . Y_COMMA "identifier"

    Y_RIGHT_PAREN  shift, and go to state 335
    Y_COMMA        shift, and go to state 336


State 233

   31 unary_operator: Y_TIMES .
  167 direct_declarator: direct_declarator Y_LEFT_BRACKET Y_TIMES . Y_RIGHT_BRACKET

    Y_RIGHT_BRACKET  shift, and go to state 337

    $default  reduce using rule 31 (unary_operator)


State 234

  166 direct_declarator: direct_declarator Y_LEFT_BRACKET Y_RIGHT_BRACKET .

    $default  reduce using rule 166 (direct_declarator)


State 235

  168 direct_declarator: direct_declarator Y_LEFT_BRACKET Y_STATIC . type_qualifier_list assignment_expression Y_RIGHT_BRACKET
  169                  | direct_declarator Y_LEFT_BRACKET Y_STATIC . assignment_expression Y_RIGHT_BRACKET

    "identifier"            shift, and go to state 80
    "i_const"               shift, and go to state 81
    "f_const"               shift, and go to state 82
    "sting_literal"         shift, and go to state 83
    Y_EXCLAMATION           shift, and go to state 84
    Y_AND                   shift, and go to state 85
    Y_LEFT_PAREN            shift, and go to state 86
    Y_TIMES                 shift, and go to state 87
    Y_PLUS                  shift, and go to state 88
    Y_PLUS_PLUS             shift, and go to state 89
    Y_MINUS                 shift, and go to state 90
    Y_MINUS_MINUS           shift, and go to state 91
    Y_CONST                 shift, and go to state 4
    Y_SIZEOF                shift, and go to state 92
    Y_VOLATILE              shift, and go to state 20
    Y_TILDE                 shift, and go to state 93
    Y_ENUMERATION_CONSTANT  shift, and go to state 94
    Y_FUNC_NAME             shift, and go to state 95
    Y_ALIGNOF               shift, and go to state 96
    Y_ATOMIC                shift, and go to state 119
    Y_RESTRICT              shift, and go to state 27

    primary_expression         go to state 97
    constant                   go to state 98
    string                     go to state 99
    postfix_expression         go to state 100
    unary_expression           go to state 151
    unary_operator             go to state 102
    cast_expression            go to state 103
    multiplicative_expression  go to state 104
    additive_expression        go to state 105
    shift_expression           go to state 106
    relational_expression      go to state 107
    equality_expression        go to state 108
    and_expression             go to state 109
    exclusive_or_expression    go to state 110
    inclusive_or_expression    go to state 111
    logical_and_expression     go to state 112
    logical_or_expression      go to state 113
    conditional_expression     go to state 152
    assignment_expression      go to state 338
    type_qualifier             go to state 120
    type_qualifier_list        go to state 339


State 236

  174 direct_declarator: direct_declarator Y_LEFT_BRACKET assignment_expression . Y_RIGHT_BRACKET

    Y_RIGHT_BRACKET  shift, and go to state 340


State 237

  170 direct_declarator: direct_declarator Y_LEFT_BRACKET type_qualifier_list . Y_TIMES Y_RIGHT_BRACKET
  171                  | direct_declarator Y_LEFT_BRACKET type_qualifier_list . Y_STATIC assignment_expression Y_RIGHT_BRACKET
  172                  | direct_declarator Y_LEFT_BRACKET type_qualifier_list . assignment_expression Y_RIGHT_BRACKET
  173                  | direct_declarator Y_LEFT_BRACKET type_qualifier_list . Y_RIGHT_BRACKET
  183 type_qualifier_list: type_qualifier_list . type_qualifier

    "identifier"            shift, and go to state 80
    "i_const"               shift, and go to state 81
    "f_const"               shift, and go to state 82
    "sting_literal"         shift, and go to state 83
    Y_EXCLAMATION           shift, and go to state 84
    Y_AND                   shift, and go to state 85
    Y_LEFT_PAREN            shift, and go to state 86
    Y_TIMES                 shift, and go to state 341
    Y_PLUS                  shift, and go to state 88
    Y_PLUS_PLUS             shift, and go to state 89
    Y_MINUS                 shift, and go to state 90
    Y_MINUS_MINUS           shift, and go to state 91
    Y_RIGHT_BRACKET         shift, and go to state 342
    Y_CONST                 shift, and go to state 4
    Y_SIZEOF                shift, and go to state 92
    Y_STATIC                shift, and go to state 343
    Y_VOLATILE              shift, and go to state 20
    Y_TILDE                 shift, and go to state 93
    Y_ENUMERATION_CONSTANT  shift, and go to state 94
    Y_FUNC_NAME             shift, and go to state 95
    Y_ALIGNOF               shift, and go to state 96
    Y_ATOMIC                shift, and go to state 119
    Y_RESTRICT              shift, and go to state 27

    primary_expression         go to state 97
    constant                   go to state 98
    string                     go to state 99
    postfix_expression         go to state 100
    unary_expression           go to state 151
    unary_operator             go to state 102
    cast_expression            go to state 103
    multiplicative_expression  go to state 104
    additive_expression        go to state 105
    shift_expression           go to state 106
    relational_expression      go to state 107
    equality_expression        go to state 108
    and_expression             go to state 109
    exclusive_or_expression    go to state 110
    inclusive_or_expression    go to state 111
    logical_and_expression     go to state 112
    logical_or_expression      go to state 113
    conditional_expression     go to state 152
    assignment_expression      go to state 344
    type_qualifier             go to state 192


State 238

  126 struct_or_union_specifier: struct_or_union "identifier" Y_LEFT_BRACE struct_declaration_list . Y_RIGHT_BRACE
  131 struct_declaration_list: struct_declaration_list . struct_declaration

    Y_CHAR           shift, and go to state 3
    Y_CONST          shift, and go to state 4
    Y_DOUBLE         shift, and go to state 5
    Y_ENUM           shift, and go to state 6
    Y_FLOAT          shift, and go to state 8
    Y_INT            shift, and go to state 9
    Y_LONG           shift, and go to state 10
    Y_SHORT          shift, and go to state 12
    Y_SIGNED         shift, and go to state 13
    Y_STRUCT         shift, and go to state 15
    Y_UNION          shift, and go to state 17
    Y_UNSIGNED       shift, and go to state 18
    Y_VOID           shift, and go to state 19
    Y_VOLATILE       shift, and go to state 20
    Y_RIGHT_BRACE    shift, and go to state 345
    Y_TYPEDEF_NAME   shift, and go to state 21
    Y_IMAGINARY      shift, and go to state 22
    Y_COMPLEX        shift, and go to state 23
    Y_LONG_DOUBLE    shift, and go to state 24
    Y_BOOL           shift, and go to state 25
    Y_ATOMIC         shift, and go to state 26
    Y_RESTRICT       shift, and go to state 27
    Y_STATIC_ASSERT  shift, and go to state 31
    Y_LONG_LONG      shift, and go to state 32

    type_specifier             go to state 76
    struct_or_union_specifier  go to state 37
    struct_or_union            go to state 38
    struct_declaration         go to state 240
    specifier_qualifier_list   go to state 137
    enum_specifier             go to state 39
    atomic_type_specifier      go to state 40
    type_qualifier             go to state 78
    static_assert_declaration  go to state 138


State 239

  125 struct_or_union_specifier: struct_or_union Y_LEFT_BRACE struct_declaration_list Y_RIGHT_BRACE .

    $default  reduce using rule 125 (struct_or_union_specifier)


State 240

  131 struct_declaration_list: struct_declaration_list struct_declaration .

    $default  reduce using rule 131 (struct_declaration_list)


State 241

  141 struct_declarator: Y_COLON . constant_expression

    "identifier"            shift, and go to state 80
    "i_const"               shift, and go to state 81
    "f_const"               shift, and go to state 82
    "sting_literal"         shift, and go to state 83
    Y_EXCLAMATION           shift, and go to state 84
    Y_AND                   shift, and go to state 85
    Y_LEFT_PAREN            shift, and go to state 86
    Y_TIMES                 shift, and go to state 87
    Y_PLUS                  shift, and go to state 88
    Y_PLUS_PLUS             shift, and go to state 89
    Y_MINUS                 shift, and go to state 90
    Y_MINUS_MINUS           shift, and go to state 91
    Y_SIZEOF                shift, and go to state 92
    Y_TILDE                 shift, and go to state 93
    Y_ENUMERATION_CONSTANT  shift, and go to state 94
    Y_FUNC_NAME             shift, and go to state 95
    Y_ALIGNOF               shift, and go to state 96

    primary_expression         go to state 97
    constant                   go to state 98
    string                     go to state 99
    postfix_expression         go to state 100
    unary_expression           go to state 101
    unary_operator             go to state 102
    cast_expression            go to state 103
    multiplicative_expression  go to state 104
    additive_expression        go to state 105
    shift_expression           go to state 106
    relational_expression      go to state 107
    equality_expression        go to state 108
    and_expression             go to state 109
    exclusive_or_expression    go to state 110
    inclusive_or_expression    go to state 111
    logical_and_expression     go to state 112
    logical_or_expression      go to state 113
    conditional_expression     go to state 114
    constant_expression        go to state 346


State 242

  132 struct_declaration: specifier_qualifier_list Y_SEMICOLON .

    $default  reduce using rule 132 (struct_declaration)


State 243

  133 struct_declaration: specifier_qualifier_list struct_declarator_list . Y_SEMICOLON
  140 struct_declarator_list: struct_declarator_list . Y_COMMA struct_declarator

    Y_COMMA      shift, and go to state 347
    Y_SEMICOLON  shift, and go to state 348


State 244

  139 struct_declarator_list: struct_declarator .

    $default  reduce using rule 139 (struct_declarator_list)


State 245

  142 struct_declarator: declarator . Y_COLON constant_expression
  143                  | declarator .

    Y_COLON  shift, and go to state 349

    $default  reduce using rule 143 (struct_declarator)


State 246

  147 enum_specifier: Y_ENUM "identifier" Y_LEFT_BRACE enumerator_list Y_COMMA . Y_RIGHT_BRACE
  150 enumerator_list: enumerator_list Y_COMMA . enumerator

    "identifier"   shift, and go to state 72
    Y_RIGHT_BRACE  shift, and go to state 350

    enumeration_constant  go to state 73
    enumerator            go to state 250


State 247

  146 enum_specifier: Y_ENUM "identifier" Y_LEFT_BRACE enumerator_list Y_RIGHT_BRACE .

    $default  reduce using rule 146 (enum_specifier)


State 248

  151 enumerator: enumeration_constant Y_EQUAL constant_expression .

    $default  reduce using rule 151 (enumerator)


State 249

  145 enum_specifier: Y_ENUM Y_LEFT_BRACE enumerator_list Y_COMMA Y_RIGHT_BRACE .

    $default  reduce using rule 145 (enum_specifier)


State 250

  150 enumerator_list: enumerator_list Y_COMMA enumerator .

    $default  reduce using rule 150 (enumerator_list)


State 251

  215 direct_abstract_declarator: Y_LEFT_PAREN Y_RIGHT_PAREN .

    $default  reduce using rule 215 (direct_abstract_declarator)


State 252

  216 direct_abstract_declarator: Y_LEFT_PAREN parameter_type_list . Y_RIGHT_PAREN

    Y_RIGHT_PAREN  shift, and go to state 351


State 253

  198 direct_abstract_declarator: Y_LEFT_PAREN abstract_declarator . Y_RIGHT_PAREN

    Y_RIGHT_PAREN  shift, and go to state 352


State 254

  199 direct_abstract_declarator: Y_LEFT_BRACKET Y_RIGHT_BRACKET .

    $default  reduce using rule 199 (direct_abstract_declarator)


State 255

  201 direct_abstract_declarator: Y_LEFT_BRACKET Y_STATIC . type_qualifier_list assignment_expression Y_RIGHT_BRACKET
  202                           | Y_LEFT_BRACKET Y_STATIC . assignment_expression Y_RIGHT_BRACKET

    "identifier"            shift, and go to state 80
    "i_const"               shift, and go to state 81
    "f_const"               shift, and go to state 82
    "sting_literal"         shift, and go to state 83
    Y_EXCLAMATION           shift, and go to state 84
    Y_AND                   shift, and go to state 85
    Y_LEFT_PAREN            shift, and go to state 86
    Y_TIMES                 shift, and go to state 87
    Y_PLUS                  shift, and go to state 88
    Y_PLUS_PLUS             shift, and go to state 89
    Y_MINUS                 shift, and go to state 90
    Y_MINUS_MINUS           shift, and go to state 91
    Y_CONST                 shift, and go to state 4
    Y_SIZEOF                shift, and go to state 92
    Y_VOLATILE              shift, and go to state 20
    Y_TILDE                 shift, and go to state 93
    Y_ENUMERATION_CONSTANT  shift, and go to state 94
    Y_FUNC_NAME             shift, and go to state 95
    Y_ALIGNOF               shift, and go to state 96
    Y_ATOMIC                shift, and go to state 119
    Y_RESTRICT              shift, and go to state 27

    primary_expression         go to state 97
    constant                   go to state 98
    string                     go to state 99
    postfix_expression         go to state 100
    unary_expression           go to state 151
    unary_operator             go to state 102
    cast_expression            go to state 103
    multiplicative_expression  go to state 104
    additive_expression        go to state 105
    shift_expression           go to state 106
    relational_expression      go to state 107
    equality_expression        go to state 108
    and_expression             go to state 109
    exclusive_or_expression    go to state 110
    inclusive_or_expression    go to state 111
    logical_and_expression     go to state 112
    logical_or_expression      go to state 113
    conditional_expression     go to state 152
    assignment_expression      go to state 353
    type_qualifier             go to state 120
    type_qualifier_list        go to state 354


State 256

  200 direct_abstract_declarator: Y_LEFT_BRACKET '*' . Y_RIGHT_BRACKET

    Y_RIGHT_BRACKET  shift, and go to state 355


State 257

  206 direct_abstract_declarator: Y_LEFT_BRACKET assignment_expression . Y_RIGHT_BRACKET

    Y_RIGHT_BRACKET  shift, and go to state 356


State 258

  183 type_qualifier_list: type_qualifier_list . type_qualifier
  203 direct_abstract_declarator: Y_LEFT_BRACKET type_qualifier_list . Y_STATIC assignment_expression Y_RIGHT_BRACKET
  204                           | Y_LEFT_BRACKET type_qualifier_list . assignment_expression Y_RIGHT_BRACKET
  205                           | Y_LEFT_BRACKET type_qualifier_list . Y_RIGHT_BRACKET

    "identifier"            shift, and go to state 80
    "i_const"               shift, and go to state 81
    "f_const"               shift, and go to state 82
    "sting_literal"         shift, and go to state 83
    Y_EXCLAMATION           shift, and go to state 84
    Y_AND                   shift, and go to state 85
    Y_LEFT_PAREN            shift, and go to state 86
    Y_TIMES                 shift, and go to state 87
    Y_PLUS                  shift, and go to state 88
    Y_PLUS_PLUS             shift, and go to state 89
    Y_MINUS                 shift, and go to state 90
    Y_MINUS_MINUS           shift, and go to state 91
    Y_RIGHT_BRACKET         shift, and go to state 357
    Y_CONST                 shift, and go to state 4
    Y_SIZEOF                shift, and go to state 92
    Y_STATIC                shift, and go to state 358
    Y_VOLATILE              shift, and go to state 20
    Y_TILDE                 shift, and go to state 93
    Y_ENUMERATION_CONSTANT  shift, and go to state 94
    Y_FUNC_NAME             shift, and go to state 95
    Y_ALIGNOF               shift, and go to state 96
    Y_ATOMIC                shift, and go to state 119
    Y_RESTRICT              shift, and go to state 27

    primary_expression         go to state 97
    constant                   go to state 98
    string                     go to state 99
    postfix_expression         go to state 100
    unary_expression           go to state 151
    unary_operator             go to state 102
    cast_expression            go to state 103
    multiplicative_expression  go to state 104
    additive_expression        go to state 105
    shift_expression           go to state 106
    relational_expression      go to state 107
    equality_expression        go to state 108
    and_expression             go to state 109
    exclusive_or_expression    go to state 110
    inclusive_or_expression    go to state 111
    logical_and_expression     go to state 112
    logical_or_expression      go to state 113
    conditional_expression     go to state 152
    assignment_expression      go to state 359
    type_qualifier             go to state 192


State 259

  195 abstract_declarator: pointer direct_abstract_declarator .
  207 direct_abstract_declarator: direct_abstract_declarator . Y_LEFT_BRACKET Y_RIGHT_BRACKET
  208                           | direct_abstract_declarator . Y_LEFT_BRACKET '*' Y_RIGHT_BRACKET
  209                           | direct_abstract_declarator . Y_LEFT_BRACKET Y_STATIC type_qualifier_list assignment_expression Y_RIGHT_BRACKET
  210                           | direct_abstract_declarator . Y_LEFT_BRACKET Y_STATIC assignment_expression Y_RIGHT_BRACKET
  211                           | direct_abstract_declarator . Y_LEFT_BRACKET type_qualifier_list assignment_expression Y_RIGHT_BRACKET
  212                           | direct_abstract_declarator . Y_LEFT_BRACKET type_qualifier_list Y_STATIC assignment_expression Y_RIGHT_BRACKET
  213                           | direct_abstract_declarator . Y_LEFT_BRACKET type_qualifier_list Y_RIGHT_BRACKET
  214                           | direct_abstract_declarator . Y_LEFT_BRACKET assignment_expression Y_RIGHT_BRACKET
  217                           | direct_abstract_declarator . Y_LEFT_PAREN Y_RIGHT_PAREN
  218                           | direct_abstract_declarator . Y_LEFT_PAREN parameter_type_list Y_RIGHT_PAREN

    Y_LEFT_PAREN    shift, and go to state 260
    Y_LEFT_BRACKET  shift, and go to state 261

    $default  reduce using rule 195 (abstract_declarator)


State 260

  217 direct_abstract_declarator: direct_abstract_declarator Y_LEFT_PAREN . Y_RIGHT_PAREN
  218                           | direct_abstract_declarator Y_LEFT_PAREN . parameter_type_list Y_RIGHT_PAREN

    Y_RIGHT_PAREN   shift, and go to state 360
    Y_THREAD_LOCAL  shift, and go to state 1
    Y_AUTO          shift, and go to state 2
    Y_CHAR          shift, and go to state 3
    Y_CONST         shift, and go to state 4
    Y_DOUBLE        shift, and go to state 5
    Y_ENUM          shift, and go to state 6
    Y_EXTERN        shift, and go to state 7
    Y_FLOAT         shift, and go to state 8
    Y_INT           shift, and go to state 9
    Y_LONG          shift, and go to state 10
    Y_REGISTER      shift, and go to state 11
    Y_SHORT         shift, and go to state 12
    Y_SIGNED        shift, and go to state 13
    Y_STATIC        shift, and go to state 14
    Y_STRUCT        shift, and go to state 15
    Y_TYPEDEF       shift, and go to state 16
    Y_UNION         shift, and go to state 17
    Y_UNSIGNED      shift, and go to state 18
    Y_VOID          shift, and go to state 19
    Y_VOLATILE      shift, and go to state 20
    Y_TYPEDEF_NAME  shift, and go to state 21
    Y_IMAGINARY     shift, and go to state 22
    Y_COMPLEX       shift, and go to state 23
    Y_LONG_DOUBLE   shift, and go to state 24
    Y_BOOL          shift, and go to state 25
    Y_ATOMIC        shift, and go to state 26
    Y_RESTRICT      shift, and go to state 27
    Y_INLINE        shift, and go to state 28
    Y_NORETURN      shift, and go to state 29
    Y_ALIGNAS       shift, and go to state 30
    Y_LONG_LONG     shift, and go to state 32

    declaration_specifiers     go to state 228
    storage_class_specifier    go to state 35
    type_specifier             go to state 36
    struct_or_union_specifier  go to state 37
    struct_or_union            go to state 38
    enum_specifier             go to state 39
    atomic_type_specifier      go to state 40
    type_qualifier             go to state 41
    function_specifier         go to state 42
    alignment_specifier        go to state 43
    parameter_type_list        go to state 361
    parameter_list             go to state 230
    parameter_declaration      go to state 231


State 261

  207 direct_abstract_declarator: direct_abstract_declarator Y_LEFT_BRACKET . Y_RIGHT_BRACKET
  208                           | direct_abstract_declarator Y_LEFT_BRACKET . '*' Y_RIGHT_BRACKET
  209                           | direct_abstract_declarator Y_LEFT_BRACKET . Y_STATIC type_qualifier_list assignment_expression Y_RIGHT_BRACKET
  210                           | direct_abstract_declarator Y_LEFT_BRACKET . Y_STATIC assignment_expression Y_RIGHT_BRACKET
  211                           | direct_abstract_declarator Y_LEFT_BRACKET . type_qualifier_list assignment_expression Y_RIGHT_BRACKET
  212                           | direct_abstract_declarator Y_LEFT_BRACKET . type_qualifier_list Y_STATIC assignment_expression Y_RIGHT_BRACKET
  213                           | direct_abstract_declarator Y_LEFT_BRACKET . type_qualifier_list Y_RIGHT_BRACKET
  214                           | direct_abstract_declarator Y_LEFT_BRACKET . assignment_expression Y_RIGHT_BRACKET

    "identifier"            shift, and go to state 80
    "i_const"               shift, and go to state 81
    "f_const"               shift, and go to state 82
    "sting_literal"         shift, and go to state 83
    Y_EXCLAMATION           shift, and go to state 84
    Y_AND                   shift, and go to state 85
    Y_LEFT_PAREN            shift, and go to state 86
    Y_TIMES                 shift, and go to state 87
    Y_PLUS                  shift, and go to state 88
    Y_PLUS_PLUS             shift, and go to state 89
    Y_MINUS                 shift, and go to state 90
    Y_MINUS_MINUS           shift, and go to state 91
    Y_RIGHT_BRACKET         shift, and go to state 362
    Y_CONST                 shift, and go to state 4
    Y_SIZEOF                shift, and go to state 92
    Y_STATIC                shift, and go to state 363
    Y_VOLATILE              shift, and go to state 20
    Y_TILDE                 shift, and go to state 93
    Y_ENUMERATION_CONSTANT  shift, and go to state 94
    Y_FUNC_NAME             shift, and go to state 95
    Y_ALIGNOF               shift, and go to state 96
    Y_ATOMIC                shift, and go to state 119
    Y_RESTRICT              shift, and go to state 27
    '*'                     shift, and go to state 364

    primary_expression         go to state 97
    constant                   go to state 98
    string                     go to state 99
    postfix_expression         go to state 100
    unary_expression           go to state 151
    unary_operator             go to state 102
    cast_expression            go to state 103
    multiplicative_expression  go to state 104
    additive_expression        go to state 105
    shift_expression           go to state 106
    relational_expression      go to state 107
    equality_expression        go to state 108
    and_expression             go to state 109
    exclusive_or_expression    go to state 110
    inclusive_or_expression    go to state 111
    logical_and_expression     go to state 112
    logical_or_expression      go to state 113
    conditional_expression     go to state 152
    assignment_expression      go to state 365
    type_qualifier             go to state 120
    type_qualifier_list        go to state 366


State 262

   78 assignment_operator: Y_AND_EQUAL .

    $default  reduce using rule 78 (assignment_operator)


State 263

   71 assignment_operator: Y_TIMES_EQUAL .

    $default  reduce using rule 71 (assignment_operator)


State 264

   74 assignment_operator: Y_PLUS_EQUAL .

    $default  reduce using rule 74 (assignment_operator)


State 265

   75 assignment_operator: Y_MINUS_EQUAL .

    $default  reduce using rule 75 (assignment_operator)


State 266

   72 assignment_operator: Y_DIVIDE_EQUAL .

    $default  reduce using rule 72 (assignment_operator)


State 267

   76 assignment_operator: Y_LSHIFT_EQUAL .

    $default  reduce using rule 76 (assignment_operator)


State 268

   70 assignment_operator: Y_EQUAL .

    $default  reduce using rule 70 (assignment_operator)


State 269

   77 assignment_operator: Y_RSHIFT_EQUAL .

    $default  reduce using rule 77 (assignment_operator)


State 270

   79 assignment_operator: Y_XOR_EQUAL .

    $default  reduce using rule 79 (assignment_operator)


State 271

   80 assignment_operator: Y_OR_EQUAL .

    $default  reduce using rule 80 (assignment_operator)


State 272

   73 assignment_operator: Y_PERCENT_EQUAL .

    $default  reduce using rule 73 (assignment_operator)


State 273

   69 assignment_expression: unary_expression assignment_operator . assignment_expression

    "identifier"            shift, and go to state 80
    "i_const"               shift, and go to state 81
    "f_const"               shift, and go to state 82
    "sting_literal"         shift, and go to state 83
    Y_EXCLAMATION           shift, and go to state 84
    Y_AND                   shift, and go to state 85
    Y_LEFT_PAREN            shift, and go to state 86
    Y_TIMES                 shift, and go to state 87
    Y_PLUS                  shift, and go to state 88
    Y_PLUS_PLUS             shift, and go to state 89
    Y_MINUS                 shift, and go to state 90
    Y_MINUS_MINUS           shift, and go to state 91
    Y_SIZEOF                shift, and go to state 92
    Y_TILDE                 shift, and go to state 93
    Y_ENUMERATION_CONSTANT  shift, and go to state 94
    Y_FUNC_NAME             shift, and go to state 95
    Y_ALIGNOF               shift, and go to state 96

    primary_expression         go to state 97
    constant                   go to state 98
    string                     go to state 99
    postfix_expression         go to state 100
    unary_expression           go to state 151
    unary_operator             go to state 102
    cast_expression            go to state 103
    multiplicative_expression  go to state 104
    additive_expression        go to state 105
    shift_expression           go to state 106
    relational_expression      go to state 107
    equality_expression        go to state 108
    and_expression             go to state 109
    exclusive_or_expression    go to state 110
    inclusive_or_expression    go to state 111
    logical_and_expression     go to state 112
    logical_or_expression      go to state 113
    conditional_expression     go to state 152
    assignment_expression      go to state 367


State 274

    4 primary_expression: Y_LEFT_PAREN expression Y_RIGHT_PAREN .

    $default  reduce using rule 4 (primary_expression)


State 275

   82 expression: expression Y_COMMA . assignment_expression

    "identifier"            shift, and go to state 80
    "i_const"               shift, and go to state 81
    "f_const"               shift, and go to state 82
    "sting_literal"         shift, and go to state 83
    Y_EXCLAMATION           shift, and go to state 84
    Y_AND                   shift, and go to state 85
    Y_LEFT_PAREN            shift, and go to state 86
    Y_TIMES                 shift, and go to state 87
    Y_PLUS                  shift, and go to state 88
    Y_PLUS_PLUS             shift, and go to state 89
    Y_MINUS                 shift, and go to state 90
    Y_MINUS_MINUS           shift, and go to state 91
    Y_SIZEOF                shift, and go to state 92
    Y_TILDE                 shift, and go to state 93
    Y_ENUMERATION_CONSTANT  shift, and go to state 94
    Y_FUNC_NAME             shift, and go to state 95
    Y_ALIGNOF               shift, and go to state 96

    primary_expression         go to state 97
    constant                   go to state 98
    string                     go to state 99
    postfix_expression         go to state 100
    unary_expression           go to state 151
    unary_operator             go to state 102
    cast_expression            go to state 103
    multiplicative_expression  go to state 104
    additive_expression        go to state 105
    shift_expression           go to state 106
    relational_expression      go to state 107
    equality_expression        go to state 108
    and_expression             go to state 109
    exclusive_or_expression    go to state 110
    inclusive_or_expression    go to state 111
    logical_and_expression     go to state 112
    logical_or_expression      go to state 113
    conditional_expression     go to state 152
    assignment_expression      go to state 368


State 276

   19 postfix_expression: Y_LEFT_PAREN type_name Y_RIGHT_PAREN . Y_LEFT_BRACE initializer_list Y_RIGHT_BRACE
   20                   | Y_LEFT_PAREN type_name Y_RIGHT_PAREN . Y_LEFT_BRACE initializer_list Y_COMMA Y_RIGHT_BRACE
   37 cast_expression: Y_LEFT_PAREN type_name Y_RIGHT_PAREN . cast_expression

    "identifier"            shift, and go to state 80
    "i_const"               shift, and go to state 81
    "f_const"               shift, and go to state 82
    "sting_literal"         shift, and go to state 83
    Y_EXCLAMATION           shift, and go to state 84
    Y_AND                   shift, and go to state 85
    Y_LEFT_PAREN            shift, and go to state 86
    Y_TIMES                 shift, and go to state 87
    Y_PLUS                  shift, and go to state 88
    Y_PLUS_PLUS             shift, and go to state 89
    Y_MINUS                 shift, and go to state 90
    Y_MINUS_MINUS           shift, and go to state 91
    Y_SIZEOF                shift, and go to state 92
    Y_LEFT_BRACE            shift, and go to state 369
    Y_TILDE                 shift, and go to state 93
    Y_ENUMERATION_CONSTANT  shift, and go to state 94
    Y_FUNC_NAME             shift, and go to state 95
    Y_ALIGNOF               shift, and go to state 96

    primary_expression  go to state 97
    constant            go to state 98
    string              go to state 99
    postfix_expression  go to state 100
    unary_expression    go to state 101
    unary_operator      go to state 102
    cast_expression     go to state 370


State 277

   19 postfix_expression: Y_LEFT_PAREN type_name . Y_RIGHT_PAREN Y_LEFT_BRACE initializer_list Y_RIGHT_BRACE
   20                   | Y_LEFT_PAREN type_name . Y_RIGHT_PAREN Y_LEFT_BRACE initializer_list Y_COMMA Y_RIGHT_BRACE

    Y_RIGHT_PAREN  shift, and go to state 371


State 278

   19 postfix_expression: Y_LEFT_PAREN type_name . Y_RIGHT_PAREN Y_LEFT_BRACE initializer_list Y_RIGHT_BRACE
   20                   | Y_LEFT_PAREN type_name . Y_RIGHT_PAREN Y_LEFT_BRACE initializer_list Y_COMMA Y_RIGHT_BRACE
   28 unary_expression: Y_SIZEOF Y_LEFT_PAREN type_name . Y_RIGHT_PAREN

    Y_RIGHT_PAREN  shift, and go to state 372


State 279

   29 unary_expression: Y_ALIGNOF Y_LEFT_PAREN type_name . Y_RIGHT_PAREN

    Y_RIGHT_PAREN  shift, and go to state 373


State 280

   13 postfix_expression: postfix_expression Y_LEFT_PAREN Y_RIGHT_PAREN .

    $default  reduce using rule 13 (postfix_expression)


State 281

   14 postfix_expression: postfix_expression Y_LEFT_PAREN argument_expression_list . Y_RIGHT_PAREN
   22 argument_expression_list: argument_expression_list . Y_COMMA assignment_expression

    Y_RIGHT_PAREN  shift, and go to state 374
    Y_COMMA        shift, and go to state 375


State 282

   21 argument_expression_list: assignment_expression .

    $default  reduce using rule 21 (argument_expression_list)


State 283

   16 postfix_expression: postfix_expression Y_ARROW "identifier" .

    $default  reduce using rule 16 (postfix_expression)


State 284

   15 postfix_expression: postfix_expression Y_DOT "identifier" .

    $default  reduce using rule 15 (postfix_expression)


State 285

   12 postfix_expression: postfix_expression Y_LEFT_BRACKET expression . Y_RIGHT_BRACKET
   82 expression: expression . Y_COMMA assignment_expression

    Y_COMMA          shift, and go to state 275
    Y_RIGHT_BRACKET  shift, and go to state 376


State 286

   39 multiplicative_expression: multiplicative_expression Y_TIMES cast_expression .

    $default  reduce using rule 39 (multiplicative_expression)


State 287

   40 multiplicative_expression: multiplicative_expression Y_DIVIDE cast_expression .

    $default  reduce using rule 40 (multiplicative_expression)


State 288

   41 multiplicative_expression: multiplicative_expression Y_PERCENT cast_expression .

    $default  reduce using rule 41 (multiplicative_expression)


State 289

   39 multiplicative_expression: multiplicative_expression . Y_TIMES cast_expression
   40                          | multiplicative_expression . Y_DIVIDE cast_expression
   41                          | multiplicative_expression . Y_PERCENT cast_expression
   43 additive_expression: additive_expression Y_PLUS multiplicative_expression .

    Y_TIMES    shift, and go to state 169
    Y_DIVIDE   shift, and go to state 170
    Y_PERCENT  shift, and go to state 171

    $default  reduce using rule 43 (additive_expression)


State 290

   39 multiplicative_expression: multiplicative_expression . Y_TIMES cast_expression
   40                          | multiplicative_expression . Y_DIVIDE cast_expression
   41                          | multiplicative_expression . Y_PERCENT cast_expression
   44 additive_expression: additive_expression Y_MINUS multiplicative_expression .

    Y_TIMES    shift, and go to state 169
    Y_DIVIDE   shift, and go to state 170
    Y_PERCENT  shift, and go to state 171

    $default  reduce using rule 44 (additive_expression)


State 291

   43 additive_expression: additive_expression . Y_PLUS multiplicative_expression
   44                    | additive_expression . Y_MINUS multiplicative_expression
   47 shift_expression: shift_expression Y_LSHIFT additive_expression .

    Y_PLUS   shift, and go to state 172
    Y_MINUS  shift, and go to state 173

    $default  reduce using rule 47 (shift_expression)


State 292

   43 additive_expression: additive_expression . Y_PLUS multiplicative_expression
   44                    | additive_expression . Y_MINUS multiplicative_expression
   46 shift_expression: shift_expression Y_RSHIFT additive_expression .

    Y_PLUS   shift, and go to state 172
    Y_MINUS  shift, and go to state 173

    $default  reduce using rule 46 (shift_expression)


State 293

   46 shift_expression: shift_expression . Y_RSHIFT additive_expression
   47                 | shift_expression . Y_LSHIFT additive_expression
   49 relational_expression: relational_expression Y_LT shift_expression .

    Y_LSHIFT  shift, and go to state 174
    Y_RSHIFT  shift, and go to state 175

    $default  reduce using rule 49 (relational_expression)


State 294

   46 shift_expression: shift_expression . Y_RSHIFT additive_expression
   47                 | shift_expression . Y_LSHIFT additive_expression
   51 relational_expression: relational_expression Y_LE shift_expression .

    Y_LSHIFT  shift, and go to state 174
    Y_RSHIFT  shift, and go to state 175

    $default  reduce using rule 51 (relational_expression)


State 295

   46 shift_expression: shift_expression . Y_RSHIFT additive_expression
   47                 | shift_expression . Y_LSHIFT additive_expression
   50 relational_expression: relational_expression Y_GT shift_expression .

    Y_LSHIFT  shift, and go to state 174
    Y_RSHIFT  shift, and go to state 175

    $default  reduce using rule 50 (relational_expression)


State 296

   46 shift_expression: shift_expression . Y_RSHIFT additive_expression
   47                 | shift_expression . Y_LSHIFT additive_expression
   52 relational_expression: relational_expression Y_GE shift_expression .

    Y_LSHIFT  shift, and go to state 174
    Y_RSHIFT  shift, and go to state 175

    $default  reduce using rule 52 (relational_expression)


State 297

   49 relational_expression: relational_expression . Y_LT shift_expression
   50                      | relational_expression . Y_GT shift_expression
   51                      | relational_expression . Y_LE shift_expression
   52                      | relational_expression . Y_GE shift_expression
   55 equality_expression: equality_expression Y_NE relational_expression .

    Y_LT  shift, and go to state 176
    Y_LE  shift, and go to state 177
    Y_GT  shift, and go to state 178
    Y_GE  shift, and go to state 179

    $default  reduce using rule 55 (equality_expression)


State 298

   49 relational_expression: relational_expression . Y_LT shift_expression
   50                      | relational_expression . Y_GT shift_expression
   51                      | relational_expression . Y_LE shift_expression
   52                      | relational_expression . Y_GE shift_expression
   54 equality_expression: equality_expression Y_EQ relational_expression .

    Y_LT  shift, and go to state 176
    Y_LE  shift, and go to state 177
    Y_GT  shift, and go to state 178
    Y_GE  shift, and go to state 179

    $default  reduce using rule 54 (equality_expression)


State 299

   54 equality_expression: equality_expression . Y_EQ relational_expression
   55                    | equality_expression . Y_NE relational_expression
   57 and_expression: and_expression Y_AND equality_expression .

    Y_NE  shift, and go to state 180
    Y_EQ  shift, and go to state 181

    $default  reduce using rule 57 (and_expression)


State 300

   57 and_expression: and_expression . Y_AND equality_expression
   59 exclusive_or_expression: exclusive_or_expression Y_XOR and_expression .

    Y_AND  shift, and go to state 182

    $default  reduce using rule 59 (exclusive_or_expression)


State 301

   59 exclusive_or_expression: exclusive_or_expression . Y_XOR and_expression
   61 inclusive_or_expression: inclusive_or_expression Y_OR exclusive_or_expression .

    Y_XOR  shift, and go to state 183

    $default  reduce using rule 61 (inclusive_or_expression)


State 302

   61 inclusive_or_expression: inclusive_or_expression . Y_OR exclusive_or_expression
   63 logical_and_expression: logical_and_expression Y_AND_AND inclusive_or_expression .

    Y_OR  shift, and go to state 184

    $default  reduce using rule 63 (logical_and_expression)


State 303

   67 conditional_expression: logical_or_expression Y_QUESTION expression . Y_COLON conditional_expression
   82 expression: expression . Y_COMMA assignment_expression

    Y_COMMA  shift, and go to state 275
    Y_COLON  shift, and go to state 377


State 304

   63 logical_and_expression: logical_and_expression . Y_AND_AND inclusive_or_expression
   65 logical_or_expression: logical_or_expression Y_OR_OR logical_and_expression .

    Y_AND_AND  shift, and go to state 185

    $default  reduce using rule 65 (logical_or_expression)


State 305

  231 static_assert_declaration: Y_STATIC_ASSERT Y_LEFT_PAREN constant_expression Y_COMMA "sting_literal" . Y_RIGHT_PAREN Y_SEMICOLON

    Y_RIGHT_PAREN  shift, and go to state 378


State 306

  230 designator: Y_DOT . "identifier"

    "identifier"  shift, and go to state 379


State 307

  229 designator: Y_LEFT_BRACKET . constant_expression Y_RIGHT_BRACKET

    "identifier"            shift, and go to state 80
    "i_const"               shift, and go to state 81
    "f_const"               shift, and go to state 82
    "sting_literal"         shift, and go to state 83
    Y_EXCLAMATION           shift, and go to state 84
    Y_AND                   shift, and go to state 85
    Y_LEFT_PAREN            shift, and go to state 86
    Y_TIMES                 shift, and go to state 87
    Y_PLUS                  shift, and go to state 88
    Y_PLUS_PLUS             shift, and go to state 89
    Y_MINUS                 shift, and go to state 90
    Y_MINUS_MINUS           shift, and go to state 91
    Y_SIZEOF                shift, and go to state 92
    Y_TILDE                 shift, and go to state 93
    Y_ENUMERATION_CONSTANT  shift, and go to state 94
    Y_FUNC_NAME             shift, and go to state 95
    Y_ALIGNOF               shift, and go to state 96

    primary_expression         go to state 97
    constant                   go to state 98
    string                     go to state 99
    postfix_expression         go to state 100
    unary_expression           go to state 101
    unary_operator             go to state 102
    cast_expression            go to state 103
    multiplicative_expression  go to state 104
    additive_expression        go to state 105
    shift_expression           go to state 106
    relational_expression      go to state 107
    equality_expression        go to state 108
    and_expression             go to state 109
    exclusive_or_expression    go to state 110
    inclusive_or_expression    go to state 111
    logical_and_expression     go to state 112
    logical_or_expression      go to state 113
    conditional_expression     go to state 114
    constant_expression        go to state 380


State 308

  223 initializer_list: initializer .

    $default  reduce using rule 223 (initializer_list)


State 309

  219 initializer: Y_LEFT_BRACE initializer_list . Y_RIGHT_BRACE
  220            | Y_LEFT_BRACE initializer_list . Y_COMMA Y_RIGHT_BRACE
  224 initializer_list: initializer_list . Y_COMMA designation initializer
  225                 | initializer_list . Y_COMMA initializer

    Y_COMMA        shift, and go to state 381
    Y_RIGHT_BRACE  shift, and go to state 382


State 310

  222 initializer_list: designation . initializer

    "identifier"            shift, and go to state 80
    "i_const"               shift, and go to state 81
    "f_const"               shift, and go to state 82
    "sting_literal"         shift, and go to state 83
    Y_EXCLAMATION           shift, and go to state 84
    Y_AND                   shift, and go to state 85
    Y_LEFT_PAREN            shift, and go to state 86
    Y_TIMES                 shift, and go to state 87
    Y_PLUS                  shift, and go to state 88
    Y_PLUS_PLUS             shift, and go to state 89
    Y_MINUS                 shift, and go to state 90
    Y_MINUS_MINUS           shift, and go to state 91
    Y_SIZEOF                shift, and go to state 92
    Y_LEFT_BRACE            shift, and go to state 196
    Y_TILDE                 shift, and go to state 93
    Y_ENUMERATION_CONSTANT  shift, and go to state 94
    Y_FUNC_NAME             shift, and go to state 95
    Y_ALIGNOF               shift, and go to state 96

    primary_expression         go to state 97
    constant                   go to state 98
    string                     go to state 99
    postfix_expression         go to state 100
    unary_expression           go to state 151
    unary_operator             go to state 102
    cast_expression            go to state 103
    multiplicative_expression  go to state 104
    additive_expression        go to state 105
    shift_expression           go to state 106
    relational_expression      go to state 107
    equality_expression        go to state 108
    and_expression             go to state 109
    exclusive_or_expression    go to state 110
    inclusive_or_expression    go to state 111
    logical_and_expression     go to state 112
    logical_or_expression      go to state 113
    conditional_expression     go to state 152
    assignment_expression      go to state 197
    initializer                go to state 383


State 311

  226 designation: designator_list . Y_EQUAL
  228 designator_list: designator_list . designator

    Y_DOT           shift, and go to state 306
    Y_EQUAL         shift, and go to state 384
    Y_LEFT_BRACKET  shift, and go to state 307

    designator  go to state 385


State 312

  227 designator_list: designator .

    $default  reduce using rule 227 (designator_list)


State 313

  238 labeled_statement: "identifier" Y_COLON . statement

    "identifier"            shift, and go to state 199
    "i_const"               shift, and go to state 81
    "f_const"               shift, and go to state 82
    "sting_literal"         shift, and go to state 83
    Y_EXCLAMATION           shift, and go to state 84
    Y_AND                   shift, and go to state 85
    Y_LEFT_PAREN            shift, and go to state 86
    Y_TIMES                 shift, and go to state 87
    Y_PLUS                  shift, and go to state 88
    Y_PLUS_PLUS             shift, and go to state 89
    Y_MINUS                 shift, and go to state 90
    Y_MINUS_MINUS           shift, and go to state 91
    Y_SEMICOLON             shift, and go to state 200
    Y_SIZEOF                shift, and go to state 92
    Y_LEFT_BRACE            shift, and go to state 126
    Y_TILDE                 shift, and go to state 93
    Y_IF                    shift, and go to state 202
    Y_ENUMERATION_CONSTANT  shift, and go to state 94
    Y_FUNC_NAME             shift, and go to state 95
    Y_DEFAULT               shift, and go to state 203
    Y_CASE                  shift, and go to state 204
    Y_ALIGNOF               shift, and go to state 96
    Y_SWITCH                shift, and go to state 205
    Y_WHILE                 shift, and go to state 206
    Y_DO                    shift, and go to state 207
    Y_FOR                   shift, and go to state 208
    Y_GOTO                  shift, and go to state 209
    Y_CONTINUE              shift, and go to state 210
    Y_BREAK                 shift, and go to state 211
    Y_RETURN                shift, and go to state 212

    primary_expression         go to state 97
    constant                   go to state 98
    string                     go to state 99
    postfix_expression         go to state 100
    unary_expression           go to state 151
    unary_operator             go to state 102
    cast_expression            go to state 103
    multiplicative_expression  go to state 104
    additive_expression        go to state 105
    shift_expression           go to state 106
    relational_expression      go to state 107
    equality_expression        go to state 108
    and_expression             go to state 109
    exclusive_or_expression    go to state 110
    inclusive_or_expression    go to state 111
    logical_and_expression     go to state 112
    logical_or_expression      go to state 113
    conditional_expression     go to state 152
    assignment_expression      go to state 153
    expression                 go to state 213
    statement                  go to state 386
    labeled_statement          go to state 216
    compound_statement         go to state 217
    expression_statement       go to state 220
    selection_statement        go to state 221
    iteration_statement        go to state 222
    jump_statement             go to state 223


State 314

  249 selection_statement: Y_IF Y_LEFT_PAREN . expression Y_RIGHT_PAREN statement Y_ELSE statement
  250                    | Y_IF Y_LEFT_PAREN . expression Y_RIGHT_PAREN statement

    "identifier"            shift, and go to state 80
    "i_const"               shift, and go to state 81
    "f_const"               shift, and go to state 82
    "sting_literal"         shift, and go to state 83
    Y_EXCLAMATION           shift, and go to state 84
    Y_AND                   shift, and go to state 85
    Y_LEFT_PAREN            shift, and go to state 86
    Y_TIMES                 shift, and go to state 87
    Y_PLUS                  shift, and go to state 88
    Y_PLUS_PLUS             shift, and go to state 89
    Y_MINUS                 shift, and go to state 90
    Y_MINUS_MINUS           shift, and go to state 91
    Y_SIZEOF                shift, and go to state 92
    Y_TILDE                 shift, and go to state 93
    Y_ENUMERATION_CONSTANT  shift, and go to state 94
    Y_FUNC_NAME             shift, and go to state 95
    Y_ALIGNOF               shift, and go to state 96

    primary_expression         go to state 97
    constant                   go to state 98
    string                     go to state 99
    postfix_expression         go to state 100
    unary_expression           go to state 151
    unary_operator             go to state 102
    cast_expression            go to state 103
    multiplicative_expression  go to state 104
    additive_expression        go to state 105
    shift_expression           go to state 106
    relational_expression      go to state 107
    equality_expression        go to state 108
    and_expression             go to state 109
    exclusive_or_expression    go to state 110
    inclusive_or_expression    go to state 111
    logical_and_expression     go to state 112
    logical_or_expression      go to state 113
    conditional_expression     go to state 152
    assignment_expression      go to state 153
    expression                 go to state 387


State 315

  240 labeled_statement: Y_DEFAULT Y_COLON . statement

    "identifier"            shift, and go to state 199
    "i_const"               shift, and go to state 81
    "f_const"               shift, and go to state 82
    "sting_literal"         shift, and go to state 83
    Y_EXCLAMATION           shift, and go to state 84
    Y_AND                   shift, and go to state 85
    Y_LEFT_PAREN            shift, and go to state 86
    Y_TIMES                 shift, and go to state 87
    Y_PLUS                  shift, and go to state 88
    Y_PLUS_PLUS             shift, and go to state 89
    Y_MINUS                 shift, and go to state 90
    Y_MINUS_MINUS           shift, and go to state 91
    Y_SEMICOLON             shift, and go to state 200
    Y_SIZEOF                shift, and go to state 92
    Y_LEFT_BRACE            shift, and go to state 126
    Y_TILDE                 shift, and go to state 93
    Y_IF                    shift, and go to state 202
    Y_ENUMERATION_CONSTANT  shift, and go to state 94
    Y_FUNC_NAME             shift, and go to state 95
    Y_DEFAULT               shift, and go to state 203
    Y_CASE                  shift, and go to state 204
    Y_ALIGNOF               shift, and go to state 96
    Y_SWITCH                shift, and go to state 205
    Y_WHILE                 shift, and go to state 206
    Y_DO                    shift, and go to state 207
    Y_FOR                   shift, and go to state 208
    Y_GOTO                  shift, and go to state 209
    Y_CONTINUE              shift, and go to state 210
    Y_BREAK                 shift, and go to state 211
    Y_RETURN                shift, and go to state 212

    primary_expression         go to state 97
    constant                   go to state 98
    string                     go to state 99
    postfix_expression         go to state 100
    unary_expression           go to state 151
    unary_operator             go to state 102
    cast_expression            go to state 103
    multiplicative_expression  go to state 104
    additive_expression        go to state 105
    shift_expression           go to state 106
    relational_expression      go to state 107
    equality_expression        go to state 108
    and_expression             go to state 109
    exclusive_or_expression    go to state 110
    inclusive_or_expression    go to state 111
    logical_and_expression     go to state 112
    logical_or_expression      go to state 113
    conditional_expression     go to state 152
    assignment_expression      go to state 153
    expression                 go to state 213
    statement                  go to state 388
    labeled_statement          go to state 216
    compound_statement         go to state 217
    expression_statement       go to state 220
    selection_statement        go to state 221
    iteration_statement        go to state 222
    jump_statement             go to state 223


State 316

  239 labeled_statement: Y_CASE constant_expression . Y_COLON statement

    Y_COLON  shift, and go to state 389


State 317

  251 selection_statement: Y_SWITCH Y_LEFT_PAREN . expression Y_RIGHT_PAREN statement

    "identifier"            shift, and go to state 80
    "i_const"               shift, and go to state 81
    "f_const"               shift, and go to state 82
    "sting_literal"         shift, and go to state 83
    Y_EXCLAMATION           shift, and go to state 84
    Y_AND                   shift, and go to state 85
    Y_LEFT_PAREN            shift, and go to state 86
    Y_TIMES                 shift, and go to state 87
    Y_PLUS                  shift, and go to state 88
    Y_PLUS_PLUS             shift, and go to state 89
    Y_MINUS                 shift, and go to state 90
    Y_MINUS_MINUS           shift, and go to state 91
    Y_SIZEOF                shift, and go to state 92
    Y_TILDE                 shift, and go to state 93
    Y_ENUMERATION_CONSTANT  shift, and go to state 94
    Y_FUNC_NAME             shift, and go to state 95
    Y_ALIGNOF               shift, and go to state 96

    primary_expression         go to state 97
    constant                   go to state 98
    string                     go to state 99
    postfix_expression         go to state 100
    unary_expression           go to state 151
    unary_operator             go to state 102
    cast_expression            go to state 103
    multiplicative_expression  go to state 104
    additive_expression        go to state 105
    shift_expression           go to state 106
    relational_expression      go to state 107
    equality_expression        go to state 108
    and_expression             go to state 109
    exclusive_or_expression    go to state 110
    inclusive_or_expression    go to state 111
    logical_and_expression     go to state 112
    logical_or_expression      go to state 113
    conditional_expression     go to state 152
    assignment_expression      go to state 153
    expression                 go to state 390


State 318

  252 iteration_statement: Y_WHILE Y_LEFT_PAREN . expression Y_RIGHT_PAREN statement

    "identifier"            shift, and go to state 80
    "i_const"               shift, and go to state 81
    "f_const"               shift, and go to state 82
    "sting_literal"         shift, and go to state 83
    Y_EXCLAMATION           shift, and go to state 84
    Y_AND                   shift, and go to state 85
    Y_LEFT_PAREN            shift, and go to state 86
    Y_TIMES                 shift, and go to state 87
    Y_PLUS                  shift, and go to state 88
    Y_PLUS_PLUS             shift, and go to state 89
    Y_MINUS                 shift, and go to state 90
    Y_MINUS_MINUS           shift, and go to state 91
    Y_SIZEOF                shift, and go to state 92
    Y_TILDE                 shift, and go to state 93
    Y_ENUMERATION_CONSTANT  shift, and go to state 94
    Y_FUNC_NAME             shift, and go to state 95
    Y_ALIGNOF               shift, and go to state 96

    primary_expression         go to state 97
    constant                   go to state 98
    string                     go to state 99
    postfix_expression         go to state 100
    unary_expression           go to state 151
    unary_operator             go to state 102
    cast_expression            go to state 103
    multiplicative_expression  go to state 104
    additive_expression        go to state 105
    shift_expression           go to state 106
    relational_expression      go to state 107
    equality_expression        go to state 108
    and_expression             go to state 109
    exclusive_or_expression    go to state 110
    inclusive_or_expression    go to state 111
    logical_and_expression     go to state 112
    logical_or_expression      go to state 113
    conditional_expression     go to state 152
    assignment_expression      go to state 153
    expression                 go to state 391


State 319

  253 iteration_statement: Y_DO statement . Y_WHILE Y_LEFT_PAREN expression Y_RIGHT_PAREN Y_SEMICOLON

    Y_WHILE  shift, and go to state 392


State 320

  254 iteration_statement: Y_FOR Y_LEFT_PAREN . expression_statement expression_statement Y_RIGHT_PAREN statement
  255                    | Y_FOR Y_LEFT_PAREN . expression_statement expression_statement expression Y_RIGHT_PAREN statement
  256                    | Y_FOR Y_LEFT_PAREN . declaration expression_statement Y_RIGHT_PAREN statement
  257                    | Y_FOR Y_LEFT_PAREN . declaration expression_statement expression Y_RIGHT_PAREN statement

    "identifier"            shift, and go to state 80
    "i_const"               shift, and go to state 81
    "f_const"               shift, and go to state 82
    "sting_literal"         shift, and go to state 83
    Y_EXCLAMATION           shift, and go to state 84
    Y_AND                   shift, and go to state 85
    Y_LEFT_PAREN            shift, and go to state 86
    Y_TIMES                 shift, and go to state 87
    Y_PLUS                  shift, and go to state 88
    Y_PLUS_PLUS             shift, and go to state 89
    Y_MINUS                 shift, and go to state 90
    Y_MINUS_MINUS           shift, and go to state 91
    Y_SEMICOLON             shift, and go to state 200
    Y_THREAD_LOCAL          shift, and go to state 1
    Y_AUTO                  shift, and go to state 2
    Y_CHAR                  shift, and go to state 3
    Y_CONST                 shift, and go to state 4
    Y_DOUBLE                shift, and go to state 5
    Y_ENUM                  shift, and go to state 6
    Y_EXTERN                shift, and go to state 7
    Y_FLOAT                 shift, and go to state 8
    Y_INT                   shift, and go to state 9
    Y_LONG                  shift, and go to state 10
    Y_REGISTER              shift, and go to state 11
    Y_SHORT                 shift, and go to state 12
    Y_SIGNED                shift, and go to state 13
    Y_SIZEOF                shift, and go to state 92
    Y_STATIC                shift, and go to state 14
    Y_STRUCT                shift, and go to state 15
    Y_TYPEDEF               shift, and go to state 16
    Y_UNION                 shift, and go to state 17
    Y_UNSIGNED              shift, and go to state 18
    Y_VOID                  shift, and go to state 19
    Y_VOLATILE              shift, and go to state 20
    Y_TILDE                 shift, and go to state 93
    Y_TYPEDEF_NAME          shift, and go to state 21
    Y_ENUMERATION_CONSTANT  shift, and go to state 94
    Y_FUNC_NAME             shift, and go to state 95
    Y_ALIGNOF               shift, and go to state 96
    Y_IMAGINARY             shift, and go to state 22
    Y_COMPLEX               shift, and go to state 23
    Y_LONG_DOUBLE           shift, and go to state 24
    Y_BOOL                  shift, and go to state 25
    Y_ATOMIC                shift, and go to state 26
    Y_RESTRICT              shift, and go to state 27
    Y_INLINE                shift, and go to state 28
    Y_NORETURN              shift, and go to state 29
    Y_ALIGNAS               shift, and go to state 30
    Y_STATIC_ASSERT         shift, and go to state 31
    Y_LONG_LONG             shift, and go to state 32

    primary_expression         go to state 97
    constant                   go to state 98
    string                     go to state 99
    postfix_expression         go to state 100
    unary_expression           go to state 151
    unary_operator             go to state 102
    cast_expression            go to state 103
    multiplicative_expression  go to state 104
    additive_expression        go to state 105
    shift_expression           go to state 106
    relational_expression      go to state 107
    equality_expression        go to state 108
    and_expression             go to state 109
    exclusive_or_expression    go to state 110
    inclusive_or_expression    go to state 111
    logical_and_expression     go to state 112
    logical_or_expression      go to state 113
    conditional_expression     go to state 152
    assignment_expression      go to state 153
    expression                 go to state 213
    declaration                go to state 393
    declaration_specifiers     go to state 128
    storage_class_specifier    go to state 35
    type_specifier             go to state 36
    struct_or_union_specifier  go to state 37
    struct_or_union            go to state 38
    enum_specifier             go to state 39
    atomic_type_specifier      go to state 40
    type_qualifier             go to state 41
    function_specifier         go to state 42
    alignment_specifier        go to state 43
    static_assert_declaration  go to state 44
    expression_statement       go to state 394


State 321

  258 jump_statement: Y_GOTO "identifier" . Y_SEMICOLON

    Y_SEMICOLON  shift, and go to state 395


State 322

  259 jump_statement: Y_CONTINUE Y_SEMICOLON .

    $default  reduce using rule 259 (jump_statement)


State 323

  260 jump_statement: Y_BREAK Y_SEMICOLON .

    $default  reduce using rule 260 (jump_statement)


State 324

  261 jump_statement: Y_RETURN Y_SEMICOLON .

    $default  reduce using rule 261 (jump_statement)


State 325

   82 expression: expression . Y_COMMA assignment_expression
  262 jump_statement: Y_RETURN expression . Y_SEMICOLON

    Y_COMMA      shift, and go to state 275
    Y_SEMICOLON  shift, and go to state 396


State 326

  248 expression_statement: expression Y_SEMICOLON .

    $default  reduce using rule 248 (expression_statement)


State 327

  242 compound_statement: Y_LEFT_BRACE block_item_list Y_RIGHT_BRACE .

    $default  reduce using rule 242 (compound_statement)


State 328

  244 block_item_list: block_item_list block_item .

    $default  reduce using rule 244 (block_item_list)


State 329

  165 direct_declarator: Y_LEFT_PAREN . declarator Y_RIGHT_PAREN
  198 direct_abstract_declarator: Y_LEFT_PAREN . abstract_declarator Y_RIGHT_PAREN
  215                           | Y_LEFT_PAREN . Y_RIGHT_PAREN
  216                           | Y_LEFT_PAREN . parameter_type_list Y_RIGHT_PAREN

    "identifier"    shift, and go to state 53
    Y_LEFT_PAREN    shift, and go to state 329
    Y_RIGHT_PAREN   shift, and go to state 251
    Y_TIMES         shift, and go to state 55
    Y_LEFT_BRACKET  shift, and go to state 145
    Y_THREAD_LOCAL  shift, and go to state 1
    Y_AUTO          shift, and go to state 2
    Y_CHAR          shift, and go to state 3
    Y_CONST         shift, and go to state 4
    Y_DOUBLE        shift, and go to state 5
    Y_ENUM          shift, and go to state 6
    Y_EXTERN        shift, and go to state 7
    Y_FLOAT         shift, and go to state 8
    Y_INT           shift, and go to state 9
    Y_LONG          shift, and go to state 10
    Y_REGISTER      shift, and go to state 11
    Y_SHORT         shift, and go to state 12
    Y_SIGNED        shift, and go to state 13
    Y_STATIC        shift, and go to state 14
    Y_STRUCT        shift, and go to state 15
    Y_TYPEDEF       shift, and go to state 16
    Y_UNION         shift, and go to state 17
    Y_UNSIGNED      shift, and go to state 18
    Y_VOID          shift, and go to state 19
    Y_VOLATILE      shift, and go to state 20
    Y_TYPEDEF_NAME  shift, and go to state 21
    Y_IMAGINARY     shift, and go to state 22
    Y_COMPLEX       shift, and go to state 23
    Y_LONG_DOUBLE   shift, and go to state 24
    Y_BOOL          shift, and go to state 25
    Y_ATOMIC        shift, and go to state 26
    Y_RESTRICT      shift, and go to state 27
    Y_INLINE        shift, and go to state 28
    Y_NORETURN      shift, and go to state 29
    Y_ALIGNAS       shift, and go to state 30
    Y_LONG_LONG     shift, and go to state 32

    declaration_specifiers      go to state 228
    storage_class_specifier     go to state 35
    type_specifier              go to state 36
    struct_or_union_specifier   go to state 37
    struct_or_union             go to state 38
    enum_specifier              go to state 39
    atomic_type_specifier       go to state 40
    type_qualifier              go to state 41
    function_specifier          go to state 42
    alignment_specifier         go to state 43
    declarator                  go to state 118
    direct_declarator           go to state 60
    pointer                     go to state 331
    parameter_type_list         go to state 252
    parameter_list              go to state 230
    parameter_declaration       go to state 231
    abstract_declarator         go to state 253
    direct_abstract_declarator  go to state 148


State 330

  188 parameter_declaration: declaration_specifiers declarator .

    $default  reduce using rule 188 (parameter_declaration)


State 331

  162 declarator: pointer . direct_declarator
  195 abstract_declarator: pointer . direct_abstract_declarator
  196                    | pointer .

    "identifier"    shift, and go to state 53
    Y_LEFT_PAREN    shift, and go to state 329
    Y_LEFT_BRACKET  shift, and go to state 145

    $default  reduce using rule 196 (abstract_declarator)

    direct_declarator           go to state 133
    direct_abstract_declarator  go to state 259


State 332

  189 parameter_declaration: declaration_specifiers abstract_declarator .

    $default  reduce using rule 189 (parameter_declaration)


State 333

  175 direct_declarator: direct_declarator Y_LEFT_PAREN parameter_type_list Y_RIGHT_PAREN .

    $default  reduce using rule 175 (direct_declarator)


State 334

  184 parameter_type_list: parameter_list Y_COMMA . Y_DOT_DOT_DOT
  187 parameter_list: parameter_list Y_COMMA . parameter_declaration

    Y_DOT_DOT_DOT   shift, and go to state 397
    Y_THREAD_LOCAL  shift, and go to state 1
    Y_AUTO          shift, and go to state 2
    Y_CHAR          shift, and go to state 3
    Y_CONST         shift, and go to state 4
    Y_DOUBLE        shift, and go to state 5
    Y_ENUM          shift, and go to state 6
    Y_EXTERN        shift, and go to state 7
    Y_FLOAT         shift, and go to state 8
    Y_INT           shift, and go to state 9
    Y_LONG          shift, and go to state 10
    Y_REGISTER      shift, and go to state 11
    Y_SHORT         shift, and go to state 12
    Y_SIGNED        shift, and go to state 13
    Y_STATIC        shift, and go to state 14
    Y_STRUCT        shift, and go to state 15
    Y_TYPEDEF       shift, and go to state 16
    Y_UNION         shift, and go to state 17
    Y_UNSIGNED      shift, and go to state 18
    Y_VOID          shift, and go to state 19
    Y_VOLATILE      shift, and go to state 20
    Y_TYPEDEF_NAME  shift, and go to state 21
    Y_IMAGINARY     shift, and go to state 22
    Y_COMPLEX       shift, and go to state 23
    Y_LONG_DOUBLE   shift, and go to state 24
    Y_BOOL          shift, and go to state 25
    Y_ATOMIC        shift, and go to state 26
    Y_RESTRICT      shift, and go to state 27
    Y_INLINE        shift, and go to state 28
    Y_NORETURN      shift, and go to state 29
    Y_ALIGNAS       shift, and go to state 30
    Y_LONG_LONG     shift, and go to state 32

    declaration_specifiers     go to state 228
    storage_class_specifier    go to state 35
    type_specifier             go to state 36
    struct_or_union_specifier  go to state 37
    struct_or_union            go to state 38
    enum_specifier             go to state 39
    atomic_type_specifier      go to state 40
    type_qualifier             go to state 41
    function_specifier         go to state 42
    alignment_specifier        go to state 43
    parameter_declaration      go to state 398


State 335

  177 direct_declarator: direct_declarator Y_LEFT_PAREN identifier_list Y_RIGHT_PAREN .

    $default  reduce using rule 177 (direct_declarator)


State 336

  192 identifier_list: identifier_list Y_COMMA . "identifier"

    "identifier"  shift, and go to state 399


State 337

  167 direct_declarator: direct_declarator Y_LEFT_BRACKET Y_TIMES Y_RIGHT_BRACKET .

    $default  reduce using rule 167 (direct_declarator)


State 338

  169 direct_declarator: direct_declarator Y_LEFT_BRACKET Y_STATIC assignment_expression . Y_RIGHT_BRACKET

    Y_RIGHT_BRACKET  shift, and go to state 400


State 339

  168 direct_declarator: direct_declarator Y_LEFT_BRACKET Y_STATIC type_qualifier_list . assignment_expression Y_RIGHT_BRACKET
  183 type_qualifier_list: type_qualifier_list . type_qualifier

    "identifier"            shift, and go to state 80
    "i_const"               shift, and go to state 81
    "f_const"               shift, and go to state 82
    "sting_literal"         shift, and go to state 83
    Y_EXCLAMATION           shift, and go to state 84
    Y_AND                   shift, and go to state 85
    Y_LEFT_PAREN            shift, and go to state 86
    Y_TIMES                 shift, and go to state 87
    Y_PLUS                  shift, and go to state 88
    Y_PLUS_PLUS             shift, and go to state 89
    Y_MINUS                 shift, and go to state 90
    Y_MINUS_MINUS           shift, and go to state 91
    Y_CONST                 shift, and go to state 4
    Y_SIZEOF                shift, and go to state 92
    Y_VOLATILE              shift, and go to state 20
    Y_TILDE                 shift, and go to state 93
    Y_ENUMERATION_CONSTANT  shift, and go to state 94
    Y_FUNC_NAME             shift, and go to state 95
    Y_ALIGNOF               shift, and go to state 96
    Y_ATOMIC                shift, and go to state 119
    Y_RESTRICT              shift, and go to state 27

    primary_expression         go to state 97
    constant                   go to state 98
    string                     go to state 99
    postfix_expression         go to state 100
    unary_expression           go to state 151
    unary_operator             go to state 102
    cast_expression            go to state 103
    multiplicative_expression  go to state 104
    additive_expression        go to state 105
    shift_expression           go to state 106
    relational_expression      go to state 107
    equality_expression        go to state 108
    and_expression             go to state 109
    exclusive_or_expression    go to state 110
    inclusive_or_expression    go to state 111
    logical_and_expression     go to state 112
    logical_or_expression      go to state 113
    conditional_expression     go to state 152
    assignment_expression      go to state 401
    type_qualifier             go to state 192


State 340

  174 direct_declarator: direct_declarator Y_LEFT_BRACKET assignment_expression Y_RIGHT_BRACKET .

    $default  reduce using rule 174 (direct_declarator)


State 341

   31 unary_operator: Y_TIMES .
  170 direct_declarator: direct_declarator Y_LEFT_BRACKET type_qualifier_list Y_TIMES . Y_RIGHT_BRACKET

    Y_RIGHT_BRACKET  shift, and go to state 402

    $default  reduce using rule 31 (unary_operator)


State 342

  173 direct_declarator: direct_declarator Y_LEFT_BRACKET type_qualifier_list Y_RIGHT_BRACKET .

    $default  reduce using rule 173 (direct_declarator)


State 343

  171 direct_declarator: direct_declarator Y_LEFT_BRACKET type_qualifier_list Y_STATIC . assignment_expression Y_RIGHT_BRACKET

    "identifier"            shift, and go to state 80
    "i_const"               shift, and go to state 81
    "f_const"               shift, and go to state 82
    "sting_literal"         shift, and go to state 83
    Y_EXCLAMATION           shift, and go to state 84
    Y_AND                   shift, and go to state 85
    Y_LEFT_PAREN            shift, and go to state 86
    Y_TIMES                 shift, and go to state 87
    Y_PLUS                  shift, and go to state 88
    Y_PLUS_PLUS             shift, and go to state 89
    Y_MINUS                 shift, and go to state 90
    Y_MINUS_MINUS           shift, and go to state 91
    Y_SIZEOF                shift, and go to state 92
    Y_TILDE                 shift, and go to state 93
    Y_ENUMERATION_CONSTANT  shift, and go to state 94
    Y_FUNC_NAME             shift, and go to state 95
    Y_ALIGNOF               shift, and go to state 96

    primary_expression         go to state 97
    constant                   go to state 98
    string                     go to state 99
    postfix_expression         go to state 100
    unary_expression           go to state 151
    unary_operator             go to state 102
    cast_expression            go to state 103
    multiplicative_expression  go to state 104
    additive_expression        go to state 105
    shift_expression           go to state 106
    relational_expression      go to state 107
    equality_expression        go to state 108
    and_expression             go to state 109
    exclusive_or_expression    go to state 110
    inclusive_or_expression    go to state 111
    logical_and_expression     go to state 112
    logical_or_expression      go to state 113
    conditional_expression     go to state 152
    assignment_expression      go to state 403


State 344

  172 direct_declarator: direct_declarator Y_LEFT_BRACKET type_qualifier_list assignment_expression . Y_RIGHT_BRACKET

    Y_RIGHT_BRACKET  shift, and go to state 404


State 345

  126 struct_or_union_specifier: struct_or_union "identifier" Y_LEFT_BRACE struct_declaration_list Y_RIGHT_BRACE .

    $default  reduce using rule 126 (struct_or_union_specifier)


State 346

  141 struct_declarator: Y_COLON constant_expression .

    $default  reduce using rule 141 (struct_declarator)


State 347

  140 struct_declarator_list: struct_declarator_list Y_COMMA . struct_declarator

    "identifier"  shift, and go to state 53
    Y_LEFT_PAREN  shift, and go to state 54
    Y_TIMES       shift, and go to state 55
    Y_COLON       shift, and go to state 241

    struct_declarator  go to state 405
    declarator         go to state 245
    direct_declarator  go to state 60
    pointer            go to state 61


State 348

  133 struct_declaration: specifier_qualifier_list struct_declarator_list Y_SEMICOLON .

    $default  reduce using rule 133 (struct_declaration)


State 349

  142 struct_declarator: declarator Y_COLON . constant_expression

    "identifier"            shift, and go to state 80
    "i_const"               shift, and go to state 81
    "f_const"               shift, and go to state 82
    "sting_literal"         shift, and go to state 83
    Y_EXCLAMATION           shift, and go to state 84
    Y_AND                   shift, and go to state 85
    Y_LEFT_PAREN            shift, and go to state 86
    Y_TIMES                 shift, and go to state 87
    Y_PLUS                  shift, and go to state 88
    Y_PLUS_PLUS             shift, and go to state 89
    Y_MINUS                 shift, and go to state 90
    Y_MINUS_MINUS           shift, and go to state 91
    Y_SIZEOF                shift, and go to state 92
    Y_TILDE                 shift, and go to state 93
    Y_ENUMERATION_CONSTANT  shift, and go to state 94
    Y_FUNC_NAME             shift, and go to state 95
    Y_ALIGNOF               shift, and go to state 96

    primary_expression         go to state 97
    constant                   go to state 98
    string                     go to state 99
    postfix_expression         go to state 100
    unary_expression           go to state 101
    unary_operator             go to state 102
    cast_expression            go to state 103
    multiplicative_expression  go to state 104
    additive_expression        go to state 105
    shift_expression           go to state 106
    relational_expression      go to state 107
    equality_expression        go to state 108
    and_expression             go to state 109
    exclusive_or_expression    go to state 110
    inclusive_or_expression    go to state 111
    logical_and_expression     go to state 112
    logical_or_expression      go to state 113
    conditional_expression     go to state 114
    constant_expression        go to state 406


State 350

  147 enum_specifier: Y_ENUM "identifier" Y_LEFT_BRACE enumerator_list Y_COMMA Y_RIGHT_BRACE .

    $default  reduce using rule 147 (enum_specifier)


State 351

  216 direct_abstract_declarator: Y_LEFT_PAREN parameter_type_list Y_RIGHT_PAREN .

    $default  reduce using rule 216 (direct_abstract_declarator)


State 352

  198 direct_abstract_declarator: Y_LEFT_PAREN abstract_declarator Y_RIGHT_PAREN .

    $default  reduce using rule 198 (direct_abstract_declarator)


State 353

  202 direct_abstract_declarator: Y_LEFT_BRACKET Y_STATIC assignment_expression . Y_RIGHT_BRACKET

    Y_RIGHT_BRACKET  shift, and go to state 407


State 354

  183 type_qualifier_list: type_qualifier_list . type_qualifier
  201 direct_abstract_declarator: Y_LEFT_BRACKET Y_STATIC type_qualifier_list . assignment_expression Y_RIGHT_BRACKET

    "identifier"            shift, and go to state 80
    "i_const"               shift, and go to state 81
    "f_const"               shift, and go to state 82
    "sting_literal"         shift, and go to state 83
    Y_EXCLAMATION           shift, and go to state 84
    Y_AND                   shift, and go to state 85
    Y_LEFT_PAREN            shift, and go to state 86
    Y_TIMES                 shift, and go to state 87
    Y_PLUS                  shift, and go to state 88
    Y_PLUS_PLUS             shift, and go to state 89
    Y_MINUS                 shift, and go to state 90
    Y_MINUS_MINUS           shift, and go to state 91
    Y_CONST                 shift, and go to state 4
    Y_SIZEOF                shift, and go to state 92
    Y_VOLATILE              shift, and go to state 20
    Y_TILDE                 shift, and go to state 93
    Y_ENUMERATION_CONSTANT  shift, and go to state 94
    Y_FUNC_NAME             shift, and go to state 95
    Y_ALIGNOF               shift, and go to state 96
    Y_ATOMIC                shift, and go to state 119
    Y_RESTRICT              shift, and go to state 27

    primary_expression         go to state 97
    constant                   go to state 98
    string                     go to state 99
    postfix_expression         go to state 100
    unary_expression           go to state 151
    unary_operator             go to state 102
    cast_expression            go to state 103
    multiplicative_expression  go to state 104
    additive_expression        go to state 105
    shift_expression           go to state 106
    relational_expression      go to state 107
    equality_expression        go to state 108
    and_expression             go to state 109
    exclusive_or_expression    go to state 110
    inclusive_or_expression    go to state 111
    logical_and_expression     go to state 112
    logical_or_expression      go to state 113
    conditional_expression     go to state 152
    assignment_expression      go to state 408
    type_qualifier             go to state 192


State 355

  200 direct_abstract_declarator: Y_LEFT_BRACKET '*' Y_RIGHT_BRACKET .

    $default  reduce using rule 200 (direct_abstract_declarator)


State 356

  206 direct_abstract_declarator: Y_LEFT_BRACKET assignment_expression Y_RIGHT_BRACKET .

    $default  reduce using rule 206 (direct_abstract_declarator)


State 357

  205 direct_abstract_declarator: Y_LEFT_BRACKET type_qualifier_list Y_RIGHT_BRACKET .

    $default  reduce using rule 205 (direct_abstract_declarator)


State 358

  203 direct_abstract_declarator: Y_LEFT_BRACKET type_qualifier_list Y_STATIC . assignment_expression Y_RIGHT_BRACKET

    "identifier"            shift, and go to state 80
    "i_const"               shift, and go to state 81
    "f_const"               shift, and go to state 82
    "sting_literal"         shift, and go to state 83
    Y_EXCLAMATION           shift, and go to state 84
    Y_AND                   shift, and go to state 85
    Y_LEFT_PAREN            shift, and go to state 86
    Y_TIMES                 shift, and go to state 87
    Y_PLUS                  shift, and go to state 88
    Y_PLUS_PLUS             shift, and go to state 89
    Y_MINUS                 shift, and go to state 90
    Y_MINUS_MINUS           shift, and go to state 91
    Y_SIZEOF                shift, and go to state 92
    Y_TILDE                 shift, and go to state 93
    Y_ENUMERATION_CONSTANT  shift, and go to state 94
    Y_FUNC_NAME             shift, and go to state 95
    Y_ALIGNOF               shift, and go to state 96

    primary_expression         go to state 97
    constant                   go to state 98
    string                     go to state 99
    postfix_expression         go to state 100
    unary_expression           go to state 151
    unary_operator             go to state 102
    cast_expression            go to state 103
    multiplicative_expression  go to state 104
    additive_expression        go to state 105
    shift_expression           go to state 106
    relational_expression      go to state 107
    equality_expression        go to state 108
    and_expression             go to state 109
    exclusive_or_expression    go to state 110
    inclusive_or_expression    go to state 111
    logical_and_expression     go to state 112
    logical_or_expression      go to state 113
    conditional_expression     go to state 152
    assignment_expression      go to state 409


State 359

  204 direct_abstract_declarator: Y_LEFT_BRACKET type_qualifier_list assignment_expression . Y_RIGHT_BRACKET

    Y_RIGHT_BRACKET  shift, and go to state 410


State 360

  217 direct_abstract_declarator: direct_abstract_declarator Y_LEFT_PAREN Y_RIGHT_PAREN .

    $default  reduce using rule 217 (direct_abstract_declarator)


State 361

  218 direct_abstract_declarator: direct_abstract_declarator Y_LEFT_PAREN parameter_type_list . Y_RIGHT_PAREN

    Y_RIGHT_PAREN  shift, and go to state 411


State 362

  207 direct_abstract_declarator: direct_abstract_declarator Y_LEFT_BRACKET Y_RIGHT_BRACKET .

    $default  reduce using rule 207 (direct_abstract_declarator)


State 363

  209 direct_abstract_declarator: direct_abstract_declarator Y_LEFT_BRACKET Y_STATIC . type_qualifier_list assignment_expression Y_RIGHT_BRACKET
  210                           | direct_abstract_declarator Y_LEFT_BRACKET Y_STATIC . assignment_expression Y_RIGHT_BRACKET

    "identifier"            shift, and go to state 80
    "i_const"               shift, and go to state 81
    "f_const"               shift, and go to state 82
    "sting_literal"         shift, and go to state 83
    Y_EXCLAMATION           shift, and go to state 84
    Y_AND                   shift, and go to state 85
    Y_LEFT_PAREN            shift, and go to state 86
    Y_TIMES                 shift, and go to state 87
    Y_PLUS                  shift, and go to state 88
    Y_PLUS_PLUS             shift, and go to state 89
    Y_MINUS                 shift, and go to state 90
    Y_MINUS_MINUS           shift, and go to state 91
    Y_CONST                 shift, and go to state 4
    Y_SIZEOF                shift, and go to state 92
    Y_VOLATILE              shift, and go to state 20
    Y_TILDE                 shift, and go to state 93
    Y_ENUMERATION_CONSTANT  shift, and go to state 94
    Y_FUNC_NAME             shift, and go to state 95
    Y_ALIGNOF               shift, and go to state 96
    Y_ATOMIC                shift, and go to state 119
    Y_RESTRICT              shift, and go to state 27

    primary_expression         go to state 97
    constant                   go to state 98
    string                     go to state 99
    postfix_expression         go to state 100
    unary_expression           go to state 151
    unary_operator             go to state 102
    cast_expression            go to state 103
    multiplicative_expression  go to state 104
    additive_expression        go to state 105
    shift_expression           go to state 106
    relational_expression      go to state 107
    equality_expression        go to state 108
    and_expression             go to state 109
    exclusive_or_expression    go to state 110
    inclusive_or_expression    go to state 111
    logical_and_expression     go to state 112
    logical_or_expression      go to state 113
    conditional_expression     go to state 152
    assignment_expression      go to state 412
    type_qualifier             go to state 120
    type_qualifier_list        go to state 413


State 364

  208 direct_abstract_declarator: direct_abstract_declarator Y_LEFT_BRACKET '*' . Y_RIGHT_BRACKET

    Y_RIGHT_BRACKET  shift, and go to state 414


State 365

  214 direct_abstract_declarator: direct_abstract_declarator Y_LEFT_BRACKET assignment_expression . Y_RIGHT_BRACKET

    Y_RIGHT_BRACKET  shift, and go to state 415


State 366

  183 type_qualifier_list: type_qualifier_list . type_qualifier
  211 direct_abstract_declarator: direct_abstract_declarator Y_LEFT_BRACKET type_qualifier_list . assignment_expression Y_RIGHT_BRACKET
  212                           | direct_abstract_declarator Y_LEFT_BRACKET type_qualifier_list . Y_STATIC assignment_expression Y_RIGHT_BRACKET
  213                           | direct_abstract_declarator Y_LEFT_BRACKET type_qualifier_list . Y_RIGHT_BRACKET

    "identifier"            shift, and go to state 80
    "i_const"               shift, and go to state 81
    "f_const"               shift, and go to state 82
    "sting_literal"         shift, and go to state 83
    Y_EXCLAMATION           shift, and go to state 84
    Y_AND                   shift, and go to state 85
    Y_LEFT_PAREN            shift, and go to state 86
    Y_TIMES                 shift, and go to state 87
    Y_PLUS                  shift, and go to state 88
    Y_PLUS_PLUS             shift, and go to state 89
    Y_MINUS                 shift, and go to state 90
    Y_MINUS_MINUS           shift, and go to state 91
    Y_RIGHT_BRACKET         shift, and go to state 416
    Y_CONST                 shift, and go to state 4
    Y_SIZEOF                shift, and go to state 92
    Y_STATIC                shift, and go to state 417
    Y_VOLATILE              shift, and go to state 20
    Y_TILDE                 shift, and go to state 93
    Y_ENUMERATION_CONSTANT  shift, and go to state 94
    Y_FUNC_NAME             shift, and go to state 95
    Y_ALIGNOF               shift, and go to state 96
    Y_ATOMIC                shift, and go to state 119
    Y_RESTRICT              shift, and go to state 27

    primary_expression         go to state 97
    constant                   go to state 98
    string                     go to state 99
    postfix_expression         go to state 100
    unary_expression           go to state 151
    unary_operator             go to state 102
    cast_expression            go to state 103
    multiplicative_expression  go to state 104
    additive_expression        go to state 105
    shift_expression           go to state 106
    relational_expression      go to state 107
    equality_expression        go to state 108
    and_expression             go to state 109
    exclusive_or_expression    go to state 110
    inclusive_or_expression    go to state 111
    logical_and_expression     go to state 112
    logical_or_expression      go to state 113
    conditional_expression     go to state 152
    assignment_expression      go to state 418
    type_qualifier             go to state 192


State 367

   69 assignment_expression: unary_expression assignment_operator assignment_expression .

    $default  reduce using rule 69 (assignment_expression)


State 368

   82 expression: expression Y_COMMA assignment_expression .

    $default  reduce using rule 82 (expression)


State 369

   19 postfix_expression: Y_LEFT_PAREN type_name Y_RIGHT_PAREN Y_LEFT_BRACE . initializer_list Y_RIGHT_BRACE
   20                   | Y_LEFT_PAREN type_name Y_RIGHT_PAREN Y_LEFT_BRACE . initializer_list Y_COMMA Y_RIGHT_BRACE

    "identifier"            shift, and go to state 80
    "i_const"               shift, and go to state 81
    "f_const"               shift, and go to state 82
    "sting_literal"         shift, and go to state 83
    Y_EXCLAMATION           shift, and go to state 84
    Y_AND                   shift, and go to state 85
    Y_LEFT_PAREN            shift, and go to state 86
    Y_TIMES                 shift, and go to state 87
    Y_PLUS                  shift, and go to state 88
    Y_PLUS_PLUS             shift, and go to state 89
    Y_MINUS                 shift, and go to state 90
    Y_MINUS_MINUS           shift, and go to state 91
    Y_DOT                   shift, and go to state 306
    Y_LEFT_BRACKET          shift, and go to state 307
    Y_SIZEOF                shift, and go to state 92
    Y_LEFT_BRACE            shift, and go to state 196
    Y_TILDE                 shift, and go to state 93
    Y_ENUMERATION_CONSTANT  shift, and go to state 94
    Y_FUNC_NAME             shift, and go to state 95
    Y_ALIGNOF               shift, and go to state 96

    primary_expression         go to state 97
    constant                   go to state 98
    string                     go to state 99
    postfix_expression         go to state 100
    unary_expression           go to state 151
    unary_operator             go to state 102
    cast_expression            go to state 103
    multiplicative_expression  go to state 104
    additive_expression        go to state 105
    shift_expression           go to state 106
    relational_expression      go to state 107
    equality_expression        go to state 108
    and_expression             go to state 109
    exclusive_or_expression    go to state 110
    inclusive_or_expression    go to state 111
    logical_and_expression     go to state 112
    logical_or_expression      go to state 113
    conditional_expression     go to state 152
    assignment_expression      go to state 197
    initializer                go to state 308
    initializer_list           go to state 419
    designation                go to state 310
    designator_list            go to state 311
    designator                 go to state 312


State 370

   37 cast_expression: Y_LEFT_PAREN type_name Y_RIGHT_PAREN cast_expression .

    $default  reduce using rule 37 (cast_expression)


State 371

   19 postfix_expression: Y_LEFT_PAREN type_name Y_RIGHT_PAREN . Y_LEFT_BRACE initializer_list Y_RIGHT_BRACE
   20                   | Y_LEFT_PAREN type_name Y_RIGHT_PAREN . Y_LEFT_BRACE initializer_list Y_COMMA Y_RIGHT_BRACE

    Y_LEFT_BRACE  shift, and go to state 369


State 372

   19 postfix_expression: Y_LEFT_PAREN type_name Y_RIGHT_PAREN . Y_LEFT_BRACE initializer_list Y_RIGHT_BRACE
   20                   | Y_LEFT_PAREN type_name Y_RIGHT_PAREN . Y_LEFT_BRACE initializer_list Y_COMMA Y_RIGHT_BRACE
   28 unary_expression: Y_SIZEOF Y_LEFT_PAREN type_name Y_RIGHT_PAREN .

    Y_LEFT_BRACE  shift, and go to state 369

    $default  reduce using rule 28 (unary_expression)


State 373

   29 unary_expression: Y_ALIGNOF Y_LEFT_PAREN type_name Y_RIGHT_PAREN .

    $default  reduce using rule 29 (unary_expression)


State 374

   14 postfix_expression: postfix_expression Y_LEFT_PAREN argument_expression_list Y_RIGHT_PAREN .

    $default  reduce using rule 14 (postfix_expression)


State 375

   22 argument_expression_list: argument_expression_list Y_COMMA . assignment_expression

    "identifier"            shift, and go to state 80
    "i_const"               shift, and go to state 81
    "f_const"               shift, and go to state 82
    "sting_literal"         shift, and go to state 83
    Y_EXCLAMATION           shift, and go to state 84
    Y_AND                   shift, and go to state 85
    Y_LEFT_PAREN            shift, and go to state 86
    Y_TIMES                 shift, and go to state 87
    Y_PLUS                  shift, and go to state 88
    Y_PLUS_PLUS             shift, and go to state 89
    Y_MINUS                 shift, and go to state 90
    Y_MINUS_MINUS           shift, and go to state 91
    Y_SIZEOF                shift, and go to state 92
    Y_TILDE                 shift, and go to state 93
    Y_ENUMERATION_CONSTANT  shift, and go to state 94
    Y_FUNC_NAME             shift, and go to state 95
    Y_ALIGNOF               shift, and go to state 96

    primary_expression         go to state 97
    constant                   go to state 98
    string                     go to state 99
    postfix_expression         go to state 100
    unary_expression           go to state 151
    unary_operator             go to state 102
    cast_expression            go to state 103
    multiplicative_expression  go to state 104
    additive_expression        go to state 105
    shift_expression           go to state 106
    relational_expression      go to state 107
    equality_expression        go to state 108
    and_expression             go to state 109
    exclusive_or_expression    go to state 110
    inclusive_or_expression    go to state 111
    logical_and_expression     go to state 112
    logical_or_expression      go to state 113
    conditional_expression     go to state 152
    assignment_expression      go to state 420


State 376

   12 postfix_expression: postfix_expression Y_LEFT_BRACKET expression Y_RIGHT_BRACKET .

    $default  reduce using rule 12 (postfix_expression)


State 377

   67 conditional_expression: logical_or_expression Y_QUESTION expression Y_COLON . conditional_expression

    "identifier"            shift, and go to state 80
    "i_const"               shift, and go to state 81
    "f_const"               shift, and go to state 82
    "sting_literal"         shift, and go to state 83
    Y_EXCLAMATION           shift, and go to state 84
    Y_AND                   shift, and go to state 85
    Y_LEFT_PAREN            shift, and go to state 86
    Y_TIMES                 shift, and go to state 87
    Y_PLUS                  shift, and go to state 88
    Y_PLUS_PLUS             shift, and go to state 89
    Y_MINUS                 shift, and go to state 90
    Y_MINUS_MINUS           shift, and go to state 91
    Y_SIZEOF                shift, and go to state 92
    Y_TILDE                 shift, and go to state 93
    Y_ENUMERATION_CONSTANT  shift, and go to state 94
    Y_FUNC_NAME             shift, and go to state 95
    Y_ALIGNOF               shift, and go to state 96

    primary_expression         go to state 97
    constant                   go to state 98
    string                     go to state 99
    postfix_expression         go to state 100
    unary_expression           go to state 101
    unary_operator             go to state 102
    cast_expression            go to state 103
    multiplicative_expression  go to state 104
    additive_expression        go to state 105
    shift_expression           go to state 106
    relational_expression      go to state 107
    equality_expression        go to state 108
    and_expression             go to state 109
    exclusive_or_expression    go to state 110
    inclusive_or_expression    go to state 111
    logical_and_expression     go to state 112
    logical_or_expression      go to state 113
    conditional_expression     go to state 421


State 378

  231 static_assert_declaration: Y_STATIC_ASSERT Y_LEFT_PAREN constant_expression Y_COMMA "sting_literal" Y_RIGHT_PAREN . Y_SEMICOLON

    Y_SEMICOLON  shift, and go to state 422


State 379

  230 designator: Y_DOT "identifier" .

    $default  reduce using rule 230 (designator)


State 380

  229 designator: Y_LEFT_BRACKET constant_expression . Y_RIGHT_BRACKET

    Y_RIGHT_BRACKET  shift, and go to state 423


State 381

  220 initializer: Y_LEFT_BRACE initializer_list Y_COMMA . Y_RIGHT_BRACE
  224 initializer_list: initializer_list Y_COMMA . designation initializer
  225                 | initializer_list Y_COMMA . initializer

    "identifier"            shift, and go to state 80
    "i_const"               shift, and go to state 81
    "f_const"               shift, and go to state 82
    "sting_literal"         shift, and go to state 83
    Y_EXCLAMATION           shift, and go to state 84
    Y_AND                   shift, and go to state 85
    Y_LEFT_PAREN            shift, and go to state 86
    Y_TIMES                 shift, and go to state 87
    Y_PLUS                  shift, and go to state 88
    Y_PLUS_PLUS             shift, and go to state 89
    Y_MINUS                 shift, and go to state 90
    Y_MINUS_MINUS           shift, and go to state 91
    Y_DOT                   shift, and go to state 306
    Y_LEFT_BRACKET          shift, and go to state 307
    Y_SIZEOF                shift, and go to state 92
    Y_LEFT_BRACE            shift, and go to state 196
    Y_RIGHT_BRACE           shift, and go to state 424
    Y_TILDE                 shift, and go to state 93
    Y_ENUMERATION_CONSTANT  shift, and go to state 94
    Y_FUNC_NAME             shift, and go to state 95
    Y_ALIGNOF               shift, and go to state 96

    primary_expression         go to state 97
    constant                   go to state 98
    string                     go to state 99
    postfix_expression         go to state 100
    unary_expression           go to state 151
    unary_operator             go to state 102
    cast_expression            go to state 103
    multiplicative_expression  go to state 104
    additive_expression        go to state 105
    shift_expression           go to state 106
    relational_expression      go to state 107
    equality_expression        go to state 108
    and_expression             go to state 109
    exclusive_or_expression    go to state 110
    inclusive_or_expression    go to state 111
    logical_and_expression     go to state 112
    logical_or_expression      go to state 113
    conditional_expression     go to state 152
    assignment_expression      go to state 197
    initializer                go to state 425
    designation                go to state 426
    designator_list            go to state 311
    designator                 go to state 312


State 382

  219 initializer: Y_LEFT_BRACE initializer_list Y_RIGHT_BRACE .

    $default  reduce using rule 219 (initializer)


State 383

  222 initializer_list: designation initializer .

    $default  reduce using rule 222 (initializer_list)


State 384

  226 designation: designator_list Y_EQUAL .

    $default  reduce using rule 226 (designation)


State 385

  228 designator_list: designator_list designator .

    $default  reduce using rule 228 (designator_list)


State 386

  238 labeled_statement: "identifier" Y_COLON statement .

    $default  reduce using rule 238 (labeled_statement)


State 387

   82 expression: expression . Y_COMMA assignment_expression
  249 selection_statement: Y_IF Y_LEFT_PAREN expression . Y_RIGHT_PAREN statement Y_ELSE statement
  250                    | Y_IF Y_LEFT_PAREN expression . Y_RIGHT_PAREN statement

    Y_RIGHT_PAREN  shift, and go to state 427
    Y_COMMA        shift, and go to state 275


State 388

  240 labeled_statement: Y_DEFAULT Y_COLON statement .

    $default  reduce using rule 240 (labeled_statement)


State 389

  239 labeled_statement: Y_CASE constant_expression Y_COLON . statement

    "identifier"            shift, and go to state 199
    "i_const"               shift, and go to state 81
    "f_const"               shift, and go to state 82
    "sting_literal"         shift, and go to state 83
    Y_EXCLAMATION           shift, and go to state 84
    Y_AND                   shift, and go to state 85
    Y_LEFT_PAREN            shift, and go to state 86
    Y_TIMES                 shift, and go to state 87
    Y_PLUS                  shift, and go to state 88
    Y_PLUS_PLUS             shift, and go to state 89
    Y_MINUS                 shift, and go to state 90
    Y_MINUS_MINUS           shift, and go to state 91
    Y_SEMICOLON             shift, and go to state 200
    Y_SIZEOF                shift, and go to state 92
    Y_LEFT_BRACE            shift, and go to state 126
    Y_TILDE                 shift, and go to state 93
    Y_IF                    shift, and go to state 202
    Y_ENUMERATION_CONSTANT  shift, and go to state 94
    Y_FUNC_NAME             shift, and go to state 95
    Y_DEFAULT               shift, and go to state 203
    Y_CASE                  shift, and go to state 204
    Y_ALIGNOF               shift, and go to state 96
    Y_SWITCH                shift, and go to state 205
    Y_WHILE                 shift, and go to state 206
    Y_DO                    shift, and go to state 207
    Y_FOR                   shift, and go to state 208
    Y_GOTO                  shift, and go to state 209
    Y_CONTINUE              shift, and go to state 210
    Y_BREAK                 shift, and go to state 211
    Y_RETURN                shift, and go to state 212

    primary_expression         go to state 97
    constant                   go to state 98
    string                     go to state 99
    postfix_expression         go to state 100
    unary_expression           go to state 151
    unary_operator             go to state 102
    cast_expression            go to state 103
    multiplicative_expression  go to state 104
    additive_expression        go to state 105
    shift_expression           go to state 106
    relational_expression      go to state 107
    equality_expression        go to state 108
    and_expression             go to state 109
    exclusive_or_expression    go to state 110
    inclusive_or_expression    go to state 111
    logical_and_expression     go to state 112
    logical_or_expression      go to state 113
    conditional_expression     go to state 152
    assignment_expression      go to state 153
    expression                 go to state 213
    statement                  go to state 428
    labeled_statement          go to state 216
    compound_statement         go to state 217
    expression_statement       go to state 220
    selection_statement        go to state 221
    iteration_statement        go to state 222
    jump_statement             go to state 223


State 390

   82 expression: expression . Y_COMMA assignment_expression
  251 selection_statement: Y_SWITCH Y_LEFT_PAREN expression . Y_RIGHT_PAREN statement

    Y_RIGHT_PAREN  shift, and go to state 429
    Y_COMMA        shift, and go to state 275


State 391

   82 expression: expression . Y_COMMA assignment_expression
  252 iteration_statement: Y_WHILE Y_LEFT_PAREN expression . Y_RIGHT_PAREN statement

    Y_RIGHT_PAREN  shift, and go to state 430
    Y_COMMA        shift, and go to state 275


State 392

  253 iteration_statement: Y_DO statement Y_WHILE . Y_LEFT_PAREN expression Y_RIGHT_PAREN Y_SEMICOLON

    Y_LEFT_PAREN  shift, and go to state 431


State 393

  256 iteration_statement: Y_FOR Y_LEFT_PAREN declaration . expression_statement Y_RIGHT_PAREN statement
  257                    | Y_FOR Y_LEFT_PAREN declaration . expression_statement expression Y_RIGHT_PAREN statement

    "identifier"            shift, and go to state 80
    "i_const"               shift, and go to state 81
    "f_const"               shift, and go to state 82
    "sting_literal"         shift, and go to state 83
    Y_EXCLAMATION           shift, and go to state 84
    Y_AND                   shift, and go to state 85
    Y_LEFT_PAREN            shift, and go to state 86
    Y_TIMES                 shift, and go to state 87
    Y_PLUS                  shift, and go to state 88
    Y_PLUS_PLUS             shift, and go to state 89
    Y_MINUS                 shift, and go to state 90
    Y_MINUS_MINUS           shift, and go to state 91
    Y_SEMICOLON             shift, and go to state 200
    Y_SIZEOF                shift, and go to state 92
    Y_TILDE                 shift, and go to state 93
    Y_ENUMERATION_CONSTANT  shift, and go to state 94
    Y_FUNC_NAME             shift, and go to state 95
    Y_ALIGNOF               shift, and go to state 96

    primary_expression         go to state 97
    constant                   go to state 98
    string                     go to state 99
    postfix_expression         go to state 100
    unary_expression           go to state 151
    unary_operator             go to state 102
    cast_expression            go to state 103
    multiplicative_expression  go to state 104
    additive_expression        go to state 105
    shift_expression           go to state 106
    relational_expression      go to state 107
    equality_expression        go to state 108
    and_expression             go to state 109
    exclusive_or_expression    go to state 110
    inclusive_or_expression    go to state 111
    logical_and_expression     go to state 112
    logical_or_expression      go to state 113
    conditional_expression     go to state 152
    assignment_expression      go to state 153
    expression                 go to state 213
    expression_statement       go to state 432


State 394

  254 iteration_statement: Y_FOR Y_LEFT_PAREN expression_statement . expression_statement Y_RIGHT_PAREN statement
  255                    | Y_FOR Y_LEFT_PAREN expression_statement . expression_statement expression Y_RIGHT_PAREN statement

    "identifier"            shift, and go to state 80
    "i_const"               shift, and go to state 81
    "f_const"               shift, and go to state 82
    "sting_literal"         shift, and go to state 83
    Y_EXCLAMATION           shift, and go to state 84
    Y_AND                   shift, and go to state 85
    Y_LEFT_PAREN            shift, and go to state 86
    Y_TIMES                 shift, and go to state 87
    Y_PLUS                  shift, and go to state 88
    Y_PLUS_PLUS             shift, and go to state 89
    Y_MINUS                 shift, and go to state 90
    Y_MINUS_MINUS           shift, and go to state 91
    Y_SEMICOLON             shift, and go to state 200
    Y_SIZEOF                shift, and go to state 92
    Y_TILDE                 shift, and go to state 93
    Y_ENUMERATION_CONSTANT  shift, and go to state 94
    Y_FUNC_NAME             shift, and go to state 95
    Y_ALIGNOF               shift, and go to state 96

    primary_expression         go to state 97
    constant                   go to state 98
    string                     go to state 99
    postfix_expression         go to state 100
    unary_expression           go to state 151
    unary_operator             go to state 102
    cast_expression            go to state 103
    multiplicative_expression  go to state 104
    additive_expression        go to state 105
    shift_expression           go to state 106
    relational_expression      go to state 107
    equality_expression        go to state 108
    and_expression             go to state 109
    exclusive_or_expression    go to state 110
    inclusive_or_expression    go to state 111
    logical_and_expression     go to state 112
    logical_or_expression      go to state 113
    conditional_expression     go to state 152
    assignment_expression      go to state 153
    expression                 go to state 213
    expression_statement       go to state 433


State 395

  258 jump_statement: Y_GOTO "identifier" Y_SEMICOLON .

    $default  reduce using rule 258 (jump_statement)


State 396

  262 jump_statement: Y_RETURN expression Y_SEMICOLON .

    $default  reduce using rule 262 (jump_statement)


State 397

  184 parameter_type_list: parameter_list Y_COMMA Y_DOT_DOT_DOT .

    $default  reduce using rule 184 (parameter_type_list)


State 398

  187 parameter_list: parameter_list Y_COMMA parameter_declaration .

    $default  reduce using rule 187 (parameter_list)


State 399

  192 identifier_list: identifier_list Y_COMMA "identifier" .

    $default  reduce using rule 192 (identifier_list)


State 400

  169 direct_declarator: direct_declarator Y_LEFT_BRACKET Y_STATIC assignment_expression Y_RIGHT_BRACKET .

    $default  reduce using rule 169 (direct_declarator)


State 401

  168 direct_declarator: direct_declarator Y_LEFT_BRACKET Y_STATIC type_qualifier_list assignment_expression . Y_RIGHT_BRACKET

    Y_RIGHT_BRACKET  shift, and go to state 434


State 402

  170 direct_declarator: direct_declarator Y_LEFT_BRACKET type_qualifier_list Y_TIMES Y_RIGHT_BRACKET .

    $default  reduce using rule 170 (direct_declarator)


State 403

  171 direct_declarator: direct_declarator Y_LEFT_BRACKET type_qualifier_list Y_STATIC assignment_expression . Y_RIGHT_BRACKET

    Y_RIGHT_BRACKET  shift, and go to state 435


State 404

  172 direct_declarator: direct_declarator Y_LEFT_BRACKET type_qualifier_list assignment_expression Y_RIGHT_BRACKET .

    $default  reduce using rule 172 (direct_declarator)


State 405

  140 struct_declarator_list: struct_declarator_list Y_COMMA struct_declarator .

    $default  reduce using rule 140 (struct_declarator_list)


State 406

  142 struct_declarator: declarator Y_COLON constant_expression .

    $default  reduce using rule 142 (struct_declarator)


State 407

  202 direct_abstract_declarator: Y_LEFT_BRACKET Y_STATIC assignment_expression Y_RIGHT_BRACKET .

    $default  reduce using rule 202 (direct_abstract_declarator)


State 408

  201 direct_abstract_declarator: Y_LEFT_BRACKET Y_STATIC type_qualifier_list assignment_expression . Y_RIGHT_BRACKET

    Y_RIGHT_BRACKET  shift, and go to state 436


State 409

  203 direct_abstract_declarator: Y_LEFT_BRACKET type_qualifier_list Y_STATIC assignment_expression . Y_RIGHT_BRACKET

    Y_RIGHT_BRACKET  shift, and go to state 437


State 410

  204 direct_abstract_declarator: Y_LEFT_BRACKET type_qualifier_list assignment_expression Y_RIGHT_BRACKET .

    $default  reduce using rule 204 (direct_abstract_declarator)


State 411

  218 direct_abstract_declarator: direct_abstract_declarator Y_LEFT_PAREN parameter_type_list Y_RIGHT_PAREN .

    $default  reduce using rule 218 (direct_abstract_declarator)


State 412

  210 direct_abstract_declarator: direct_abstract_declarator Y_LEFT_BRACKET Y_STATIC assignment_expression . Y_RIGHT_BRACKET

    Y_RIGHT_BRACKET  shift, and go to state 438


State 413

  183 type_qualifier_list: type_qualifier_list . type_qualifier
  209 direct_abstract_declarator: direct_abstract_declarator Y_LEFT_BRACKET Y_STATIC type_qualifier_list . assignment_expression Y_RIGHT_BRACKET

    "identifier"            shift, and go to state 80
    "i_const"               shift, and go to state 81
    "f_const"               shift, and go to state 82
    "sting_literal"         shift, and go to state 83
    Y_EXCLAMATION           shift, and go to state 84
    Y_AND                   shift, and go to state 85
    Y_LEFT_PAREN            shift, and go to state 86
    Y_TIMES                 shift, and go to state 87
    Y_PLUS                  shift, and go to state 88
    Y_PLUS_PLUS             shift, and go to state 89
    Y_MINUS                 shift, and go to state 90
    Y_MINUS_MINUS           shift, and go to state 91
    Y_CONST                 shift, and go to state 4
    Y_SIZEOF                shift, and go to state 92
    Y_VOLATILE              shift, and go to state 20
    Y_TILDE                 shift, and go to state 93
    Y_ENUMERATION_CONSTANT  shift, and go to state 94
    Y_FUNC_NAME             shift, and go to state 95
    Y_ALIGNOF               shift, and go to state 96
    Y_ATOMIC                shift, and go to state 119
    Y_RESTRICT              shift, and go to state 27

    primary_expression         go to state 97
    constant                   go to state 98
    string                     go to state 99
    postfix_expression         go to state 100
    unary_expression           go to state 151
    unary_operator             go to state 102
    cast_expression            go to state 103
    multiplicative_expression  go to state 104
    additive_expression        go to state 105
    shift_expression           go to state 106
    relational_expression      go to state 107
    equality_expression        go to state 108
    and_expression             go to state 109
    exclusive_or_expression    go to state 110
    inclusive_or_expression    go to state 111
    logical_and_expression     go to state 112
    logical_or_expression      go to state 113
    conditional_expression     go to state 152
    assignment_expression      go to state 439
    type_qualifier             go to state 192


State 414

  208 direct_abstract_declarator: direct_abstract_declarator Y_LEFT_BRACKET '*' Y_RIGHT_BRACKET .

    $default  reduce using rule 208 (direct_abstract_declarator)


State 415

  214 direct_abstract_declarator: direct_abstract_declarator Y_LEFT_BRACKET assignment_expression Y_RIGHT_BRACKET .

    $default  reduce using rule 214 (direct_abstract_declarator)


State 416

  213 direct_abstract_declarator: direct_abstract_declarator Y_LEFT_BRACKET type_qualifier_list Y_RIGHT_BRACKET .

    $default  reduce using rule 213 (direct_abstract_declarator)


State 417

  212 direct_abstract_declarator: direct_abstract_declarator Y_LEFT_BRACKET type_qualifier_list Y_STATIC . assignment_expression Y_RIGHT_BRACKET

    "identifier"            shift, and go to state 80
    "i_const"               shift, and go to state 81
    "f_const"               shift, and go to state 82
    "sting_literal"         shift, and go to state 83
    Y_EXCLAMATION           shift, and go to state 84
    Y_AND                   shift, and go to state 85
    Y_LEFT_PAREN            shift, and go to state 86
    Y_TIMES                 shift, and go to state 87
    Y_PLUS                  shift, and go to state 88
    Y_PLUS_PLUS             shift, and go to state 89
    Y_MINUS                 shift, and go to state 90
    Y_MINUS_MINUS           shift, and go to state 91
    Y_SIZEOF                shift, and go to state 92
    Y_TILDE                 shift, and go to state 93
    Y_ENUMERATION_CONSTANT  shift, and go to state 94
    Y_FUNC_NAME             shift, and go to state 95
    Y_ALIGNOF               shift, and go to state 96

    primary_expression         go to state 97
    constant                   go to state 98
    string                     go to state 99
    postfix_expression         go to state 100
    unary_expression           go to state 151
    unary_operator             go to state 102
    cast_expression            go to state 103
    multiplicative_expression  go to state 104
    additive_expression        go to state 105
    shift_expression           go to state 106
    relational_expression      go to state 107
    equality_expression        go to state 108
    and_expression             go to state 109
    exclusive_or_expression    go to state 110
    inclusive_or_expression    go to state 111
    logical_and_expression     go to state 112
    logical_or_expression      go to state 113
    conditional_expression     go to state 152
    assignment_expression      go to state 440


State 418

  211 direct_abstract_declarator: direct_abstract_declarator Y_LEFT_BRACKET type_qualifier_list assignment_expression . Y_RIGHT_BRACKET

    Y_RIGHT_BRACKET  shift, and go to state 441


State 419

   19 postfix_expression: Y_LEFT_PAREN type_name Y_RIGHT_PAREN Y_LEFT_BRACE initializer_list . Y_RIGHT_BRACE
   20                   | Y_LEFT_PAREN type_name Y_RIGHT_PAREN Y_LEFT_BRACE initializer_list . Y_COMMA Y_RIGHT_BRACE
  224 initializer_list: initializer_list . Y_COMMA designation initializer
  225                 | initializer_list . Y_COMMA initializer

    Y_COMMA        shift, and go to state 442
    Y_RIGHT_BRACE  shift, and go to state 443


State 420

   22 argument_expression_list: argument_expression_list Y_COMMA assignment_expression .

    $default  reduce using rule 22 (argument_expression_list)


State 421

   67 conditional_expression: logical_or_expression Y_QUESTION expression Y_COLON conditional_expression .

    $default  reduce using rule 67 (conditional_expression)


State 422

  231 static_assert_declaration: Y_STATIC_ASSERT Y_LEFT_PAREN constant_expression Y_COMMA "sting_literal" Y_RIGHT_PAREN Y_SEMICOLON .

    $default  reduce using rule 231 (static_assert_declaration)


State 423

  229 designator: Y_LEFT_BRACKET constant_expression Y_RIGHT_BRACKET .

    $default  reduce using rule 229 (designator)


State 424

  220 initializer: Y_LEFT_BRACE initializer_list Y_COMMA Y_RIGHT_BRACE .

    $default  reduce using rule 220 (initializer)


State 425

  225 initializer_list: initializer_list Y_COMMA initializer .

    $default  reduce using rule 225 (initializer_list)


State 426

  224 initializer_list: initializer_list Y_COMMA designation . initializer

    "identifier"            shift, and go to state 80
    "i_const"               shift, and go to state 81
    "f_const"               shift, and go to state 82
    "sting_literal"         shift, and go to state 83
    Y_EXCLAMATION           shift, and go to state 84
    Y_AND                   shift, and go to state 85
    Y_LEFT_PAREN            shift, and go to state 86
    Y_TIMES                 shift, and go to state 87
    Y_PLUS                  shift, and go to state 88
    Y_PLUS_PLUS             shift, and go to state 89
    Y_MINUS                 shift, and go to state 90
    Y_MINUS_MINUS           shift, and go to state 91
    Y_SIZEOF                shift, and go to state 92
    Y_LEFT_BRACE            shift, and go to state 196
    Y_TILDE                 shift, and go to state 93
    Y_ENUMERATION_CONSTANT  shift, and go to state 94
    Y_FUNC_NAME             shift, and go to state 95
    Y_ALIGNOF               shift, and go to state 96

    primary_expression         go to state 97
    constant                   go to state 98
    string                     go to state 99
    postfix_expression         go to state 100
    unary_expression           go to state 151
    unary_operator             go to state 102
    cast_expression            go to state 103
    multiplicative_expression  go to state 104
    additive_expression        go to state 105
    shift_expression           go to state 106
    relational_expression      go to state 107
    equality_expression        go to state 108
    and_expression             go to state 109
    exclusive_or_expression    go to state 110
    inclusive_or_expression    go to state 111
    logical_and_expression     go to state 112
    logical_or_expression      go to state 113
    conditional_expression     go to state 152
    assignment_expression      go to state 197
    initializer                go to state 444


State 427

  249 selection_statement: Y_IF Y_LEFT_PAREN expression Y_RIGHT_PAREN . statement Y_ELSE statement
  250                    | Y_IF Y_LEFT_PAREN expression Y_RIGHT_PAREN . statement

    "identifier"            shift, and go to state 199
    "i_const"               shift, and go to state 81
    "f_const"               shift, and go to state 82
    "sting_literal"         shift, and go to state 83
    Y_EXCLAMATION           shift, and go to state 84
    Y_AND                   shift, and go to state 85
    Y_LEFT_PAREN            shift, and go to state 86
    Y_TIMES                 shift, and go to state 87
    Y_PLUS                  shift, and go to state 88
    Y_PLUS_PLUS             shift, and go to state 89
    Y_MINUS                 shift, and go to state 90
    Y_MINUS_MINUS           shift, and go to state 91
    Y_SEMICOLON             shift, and go to state 200
    Y_SIZEOF                shift, and go to state 92
    Y_LEFT_BRACE            shift, and go to state 126
    Y_TILDE                 shift, and go to state 93
    Y_IF                    shift, and go to state 202
    Y_ENUMERATION_CONSTANT  shift, and go to state 94
    Y_FUNC_NAME             shift, and go to state 95
    Y_DEFAULT               shift, and go to state 203
    Y_CASE                  shift, and go to state 204
    Y_ALIGNOF               shift, and go to state 96
    Y_SWITCH                shift, and go to state 205
    Y_WHILE                 shift, and go to state 206
    Y_DO                    shift, and go to state 207
    Y_FOR                   shift, and go to state 208
    Y_GOTO                  shift, and go to state 209
    Y_CONTINUE              shift, and go to state 210
    Y_BREAK                 shift, and go to state 211
    Y_RETURN                shift, and go to state 212

    primary_expression         go to state 97
    constant                   go to state 98
    string                     go to state 99
    postfix_expression         go to state 100
    unary_expression           go to state 151
    unary_operator             go to state 102
    cast_expression            go to state 103
    multiplicative_expression  go to state 104
    additive_expression        go to state 105
    shift_expression           go to state 106
    relational_expression      go to state 107
    equality_expression        go to state 108
    and_expression             go to state 109
    exclusive_or_expression    go to state 110
    inclusive_or_expression    go to state 111
    logical_and_expression     go to state 112
    logical_or_expression      go to state 113
    conditional_expression     go to state 152
    assignment_expression      go to state 153
    expression                 go to state 213
    statement                  go to state 445
    labeled_statement          go to state 216
    compound_statement         go to state 217
    expression_statement       go to state 220
    selection_statement        go to state 221
    iteration_statement        go to state 222
    jump_statement             go to state 223


State 428

  239 labeled_statement: Y_CASE constant_expression Y_COLON statement .

    $default  reduce using rule 239 (labeled_statement)


State 429

  251 selection_statement: Y_SWITCH Y_LEFT_PAREN expression Y_RIGHT_PAREN . statement

    "identifier"            shift, and go to state 199
    "i_const"               shift, and go to state 81
    "f_const"               shift, and go to state 82
    "sting_literal"         shift, and go to state 83
    Y_EXCLAMATION           shift, and go to state 84
    Y_AND                   shift, and go to state 85
    Y_LEFT_PAREN            shift, and go to state 86
    Y_TIMES                 shift, and go to state 87
    Y_PLUS                  shift, and go to state 88
    Y_PLUS_PLUS             shift, and go to state 89
    Y_MINUS                 shift, and go to state 90
    Y_MINUS_MINUS           shift, and go to state 91
    Y_SEMICOLON             shift, and go to state 200
    Y_SIZEOF                shift, and go to state 92
    Y_LEFT_BRACE            shift, and go to state 126
    Y_TILDE                 shift, and go to state 93
    Y_IF                    shift, and go to state 202
    Y_ENUMERATION_CONSTANT  shift, and go to state 94
    Y_FUNC_NAME             shift, and go to state 95
    Y_DEFAULT               shift, and go to state 203
    Y_CASE                  shift, and go to state 204
    Y_ALIGNOF               shift, and go to state 96
    Y_SWITCH                shift, and go to state 205
    Y_WHILE                 shift, and go to state 206
    Y_DO                    shift, and go to state 207
    Y_FOR                   shift, and go to state 208
    Y_GOTO                  shift, and go to state 209
    Y_CONTINUE              shift, and go to state 210
    Y_BREAK                 shift, and go to state 211
    Y_RETURN                shift, and go to state 212

    primary_expression         go to state 97
    constant                   go to state 98
    string                     go to state 99
    postfix_expression         go to state 100
    unary_expression           go to state 151
    unary_operator             go to state 102
    cast_expression            go to state 103
    multiplicative_expression  go to state 104
    additive_expression        go to state 105
    shift_expression           go to state 106
    relational_expression      go to state 107
    equality_expression        go to state 108
    and_expression             go to state 109
    exclusive_or_expression    go to state 110
    inclusive_or_expression    go to state 111
    logical_and_expression     go to state 112
    logical_or_expression      go to state 113
    conditional_expression     go to state 152
    assignment_expression      go to state 153
    expression                 go to state 213
    statement                  go to state 446
    labeled_statement          go to state 216
    compound_statement         go to state 217
    expression_statement       go to state 220
    selection_statement        go to state 221
    iteration_statement        go to state 222
    jump_statement             go to state 223


State 430

  252 iteration_statement: Y_WHILE Y_LEFT_PAREN expression Y_RIGHT_PAREN . statement

    "identifier"            shift, and go to state 199
    "i_const"               shift, and go to state 81
    "f_const"               shift, and go to state 82
    "sting_literal"         shift, and go to state 83
    Y_EXCLAMATION           shift, and go to state 84
    Y_AND                   shift, and go to state 85
    Y_LEFT_PAREN            shift, and go to state 86
    Y_TIMES                 shift, and go to state 87
    Y_PLUS                  shift, and go to state 88
    Y_PLUS_PLUS             shift, and go to state 89
    Y_MINUS                 shift, and go to state 90
    Y_MINUS_MINUS           shift, and go to state 91
    Y_SEMICOLON             shift, and go to state 200
    Y_SIZEOF                shift, and go to state 92
    Y_LEFT_BRACE            shift, and go to state 126
    Y_TILDE                 shift, and go to state 93
    Y_IF                    shift, and go to state 202
    Y_ENUMERATION_CONSTANT  shift, and go to state 94
    Y_FUNC_NAME             shift, and go to state 95
    Y_DEFAULT               shift, and go to state 203
    Y_CASE                  shift, and go to state 204
    Y_ALIGNOF               shift, and go to state 96
    Y_SWITCH                shift, and go to state 205
    Y_WHILE                 shift, and go to state 206
    Y_DO                    shift, and go to state 207
    Y_FOR                   shift, and go to state 208
    Y_GOTO                  shift, and go to state 209
    Y_CONTINUE              shift, and go to state 210
    Y_BREAK                 shift, and go to state 211
    Y_RETURN                shift, and go to state 212

    primary_expression         go to state 97
    constant                   go to state 98
    string                     go to state 99
    postfix_expression         go to state 100
    unary_expression           go to state 151
    unary_operator             go to state 102
    cast_expression            go to state 103
    multiplicative_expression  go to state 104
    additive_expression        go to state 105
    shift_expression           go to state 106
    relational_expression      go to state 107
    equality_expression        go to state 108
    and_expression             go to state 109
    exclusive_or_expression    go to state 110
    inclusive_or_expression    go to state 111
    logical_and_expression     go to state 112
    logical_or_expression      go to state 113
    conditional_expression     go to state 152
    assignment_expression      go to state 153
    expression                 go to state 213
    statement                  go to state 447
    labeled_statement          go to state 216
    compound_statement         go to state 217
    expression_statement       go to state 220
    selection_statement        go to state 221
    iteration_statement        go to state 222
    jump_statement             go to state 223


State 431

  253 iteration_statement: Y_DO statement Y_WHILE Y_LEFT_PAREN . expression Y_RIGHT_PAREN Y_SEMICOLON

    "identifier"            shift, and go to state 80
    "i_const"               shift, and go to state 81
    "f_const"               shift, and go to state 82
    "sting_literal"         shift, and go to state 83
    Y_EXCLAMATION           shift, and go to state 84
    Y_AND                   shift, and go to state 85
    Y_LEFT_PAREN            shift, and go to state 86
    Y_TIMES                 shift, and go to state 87
    Y_PLUS                  shift, and go to state 88
    Y_PLUS_PLUS             shift, and go to state 89
    Y_MINUS                 shift, and go to state 90
    Y_MINUS_MINUS           shift, and go to state 91
    Y_SIZEOF                shift, and go to state 92
    Y_TILDE                 shift, and go to state 93
    Y_ENUMERATION_CONSTANT  shift, and go to state 94
    Y_FUNC_NAME             shift, and go to state 95
    Y_ALIGNOF               shift, and go to state 96

    primary_expression         go to state 97
    constant                   go to state 98
    string                     go to state 99
    postfix_expression         go to state 100
    unary_expression           go to state 151
    unary_operator             go to state 102
    cast_expression            go to state 103
    multiplicative_expression  go to state 104
    additive_expression        go to state 105
    shift_expression           go to state 106
    relational_expression      go to state 107
    equality_expression        go to state 108
    and_expression             go to state 109
    exclusive_or_expression    go to state 110
    inclusive_or_expression    go to state 111
    logical_and_expression     go to state 112
    logical_or_expression      go to state 113
    conditional_expression     go to state 152
    assignment_expression      go to state 153
    expression                 go to state 448


State 432

  256 iteration_statement: Y_FOR Y_LEFT_PAREN declaration expression_statement . Y_RIGHT_PAREN statement
  257                    | Y_FOR Y_LEFT_PAREN declaration expression_statement . expression Y_RIGHT_PAREN statement

    "identifier"            shift, and go to state 80
    "i_const"               shift, and go to state 81
    "f_const"               shift, and go to state 82
    "sting_literal"         shift, and go to state 83
    Y_EXCLAMATION           shift, and go to state 84
    Y_AND                   shift, and go to state 85
    Y_LEFT_PAREN            shift, and go to state 86
    Y_RIGHT_PAREN           shift, and go to state 449
    Y_TIMES                 shift, and go to state 87
    Y_PLUS                  shift, and go to state 88
    Y_PLUS_PLUS             shift, and go to state 89
    Y_MINUS                 shift, and go to state 90
    Y_MINUS_MINUS           shift, and go to state 91
    Y_SIZEOF                shift, and go to state 92
    Y_TILDE                 shift, and go to state 93
    Y_ENUMERATION_CONSTANT  shift, and go to state 94
    Y_FUNC_NAME             shift, and go to state 95
    Y_ALIGNOF               shift, and go to state 96

    primary_expression         go to state 97
    constant                   go to state 98
    string                     go to state 99
    postfix_expression         go to state 100
    unary_expression           go to state 151
    unary_operator             go to state 102
    cast_expression            go to state 103
    multiplicative_expression  go to state 104
    additive_expression        go to state 105
    shift_expression           go to state 106
    relational_expression      go to state 107
    equality_expression        go to state 108
    and_expression             go to state 109
    exclusive_or_expression    go to state 110
    inclusive_or_expression    go to state 111
    logical_and_expression     go to state 112
    logical_or_expression      go to state 113
    conditional_expression     go to state 152
    assignment_expression      go to state 153
    expression                 go to state 450


State 433

  254 iteration_statement: Y_FOR Y_LEFT_PAREN expression_statement expression_statement . Y_RIGHT_PAREN statement
  255                    | Y_FOR Y_LEFT_PAREN expression_statement expression_statement . expression Y_RIGHT_PAREN statement

    "identifier"            shift, and go to state 80
    "i_const"               shift, and go to state 81
    "f_const"               shift, and go to state 82
    "sting_literal"         shift, and go to state 83
    Y_EXCLAMATION           shift, and go to state 84
    Y_AND                   shift, and go to state 85
    Y_LEFT_PAREN            shift, and go to state 86
    Y_RIGHT_PAREN           shift, and go to state 451
    Y_TIMES                 shift, and go to state 87
    Y_PLUS                  shift, and go to state 88
    Y_PLUS_PLUS             shift, and go to state 89
    Y_MINUS                 shift, and go to state 90
    Y_MINUS_MINUS           shift, and go to state 91
    Y_SIZEOF                shift, and go to state 92
    Y_TILDE                 shift, and go to state 93
    Y_ENUMERATION_CONSTANT  shift, and go to state 94
    Y_FUNC_NAME             shift, and go to state 95
    Y_ALIGNOF               shift, and go to state 96

    primary_expression         go to state 97
    constant                   go to state 98
    string                     go to state 99
    postfix_expression         go to state 100
    unary_expression           go to state 151
    unary_operator             go to state 102
    cast_expression            go to state 103
    multiplicative_expression  go to state 104
    additive_expression        go to state 105
    shift_expression           go to state 106
    relational_expression      go to state 107
    equality_expression        go to state 108
    and_expression             go to state 109
    exclusive_or_expression    go to state 110
    inclusive_or_expression    go to state 111
    logical_and_expression     go to state 112
    logical_or_expression      go to state 113
    conditional_expression     go to state 152
    assignment_expression      go to state 153
    expression                 go to state 452


State 434

  168 direct_declarator: direct_declarator Y_LEFT_BRACKET Y_STATIC type_qualifier_list assignment_expression Y_RIGHT_BRACKET .

    $default  reduce using rule 168 (direct_declarator)


State 435

  171 direct_declarator: direct_declarator Y_LEFT_BRACKET type_qualifier_list Y_STATIC assignment_expression Y_RIGHT_BRACKET .

    $default  reduce using rule 171 (direct_declarator)


State 436

  201 direct_abstract_declarator: Y_LEFT_BRACKET Y_STATIC type_qualifier_list assignment_expression Y_RIGHT_BRACKET .

    $default  reduce using rule 201 (direct_abstract_declarator)


State 437

  203 direct_abstract_declarator: Y_LEFT_BRACKET type_qualifier_list Y_STATIC assignment_expression Y_RIGHT_BRACKET .

    $default  reduce using rule 203 (direct_abstract_declarator)


State 438

  210 direct_abstract_declarator: direct_abstract_declarator Y_LEFT_BRACKET Y_STATIC assignment_expression Y_RIGHT_BRACKET .

    $default  reduce using rule 210 (direct_abstract_declarator)


State 439

  209 direct_abstract_declarator: direct_abstract_declarator Y_LEFT_BRACKET Y_STATIC type_qualifier_list assignment_expression . Y_RIGHT_BRACKET

    Y_RIGHT_BRACKET  shift, and go to state 453


State 440

  212 direct_abstract_declarator: direct_abstract_declarator Y_LEFT_BRACKET type_qualifier_list Y_STATIC assignment_expression . Y_RIGHT_BRACKET

    Y_RIGHT_BRACKET  shift, and go to state 454


State 441

  211 direct_abstract_declarator: direct_abstract_declarator Y_LEFT_BRACKET type_qualifier_list assignment_expression Y_RIGHT_BRACKET .

    $default  reduce using rule 211 (direct_abstract_declarator)


State 442

   20 postfix_expression: Y_LEFT_PAREN type_name Y_RIGHT_PAREN Y_LEFT_BRACE initializer_list Y_COMMA . Y_RIGHT_BRACE
  224 initializer_list: initializer_list Y_COMMA . designation initializer
  225                 | initializer_list Y_COMMA . initializer

    "identifier"            shift, and go to state 80
    "i_const"               shift, and go to state 81
    "f_const"               shift, and go to state 82
    "sting_literal"         shift, and go to state 83
    Y_EXCLAMATION           shift, and go to state 84
    Y_AND                   shift, and go to state 85
    Y_LEFT_PAREN            shift, and go to state 86
    Y_TIMES                 shift, and go to state 87
    Y_PLUS                  shift, and go to state 88
    Y_PLUS_PLUS             shift, and go to state 89
    Y_MINUS                 shift, and go to state 90
    Y_MINUS_MINUS           shift, and go to state 91
    Y_DOT                   shift, and go to state 306
    Y_LEFT_BRACKET          shift, and go to state 307
    Y_SIZEOF                shift, and go to state 92
    Y_LEFT_BRACE            shift, and go to state 196
    Y_RIGHT_BRACE           shift, and go to state 455
    Y_TILDE                 shift, and go to state 93
    Y_ENUMERATION_CONSTANT  shift, and go to state 94
    Y_FUNC_NAME             shift, and go to state 95
    Y_ALIGNOF               shift, and go to state 96

    primary_expression         go to state 97
    constant                   go to state 98
    string                     go to state 99
    postfix_expression         go to state 100
    unary_expression           go to state 151
    unary_operator             go to state 102
    cast_expression            go to state 103
    multiplicative_expression  go to state 104
    additive_expression        go to state 105
    shift_expression           go to state 106
    relational_expression      go to state 107
    equality_expression        go to state 108
    and_expression             go to state 109
    exclusive_or_expression    go to state 110
    inclusive_or_expression    go to state 111
    logical_and_expression     go to state 112
    logical_or_expression      go to state 113
    conditional_expression     go to state 152
    assignment_expression      go to state 197
    initializer                go to state 425
    designation                go to state 426
    designator_list            go to state 311
    designator                 go to state 312


State 443

   19 postfix_expression: Y_LEFT_PAREN type_name Y_RIGHT_PAREN Y_LEFT_BRACE initializer_list Y_RIGHT_BRACE .

    $default  reduce using rule 19 (postfix_expression)


State 444

  224 initializer_list: initializer_list Y_COMMA designation initializer .

    $default  reduce using rule 224 (initializer_list)


State 445

  249 selection_statement: Y_IF Y_LEFT_PAREN expression Y_RIGHT_PAREN statement . Y_ELSE statement
  250                    | Y_IF Y_LEFT_PAREN expression Y_RIGHT_PAREN statement .

    Y_ELSE  shift, and go to state 456

    Y_ELSE    [reduce using rule 250 (selection_statement)]
    $default  reduce using rule 250 (selection_statement)


State 446

  251 selection_statement: Y_SWITCH Y_LEFT_PAREN expression Y_RIGHT_PAREN statement .

    $default  reduce using rule 251 (selection_statement)


State 447

  252 iteration_statement: Y_WHILE Y_LEFT_PAREN expression Y_RIGHT_PAREN statement .

    $default  reduce using rule 252 (iteration_statement)


State 448

   82 expression: expression . Y_COMMA assignment_expression
  253 iteration_statement: Y_DO statement Y_WHILE Y_LEFT_PAREN expression . Y_RIGHT_PAREN Y_SEMICOLON

    Y_RIGHT_PAREN  shift, and go to state 457
    Y_COMMA        shift, and go to state 275


State 449

  256 iteration_statement: Y_FOR Y_LEFT_PAREN declaration expression_statement Y_RIGHT_PAREN . statement

    "identifier"            shift, and go to state 199
    "i_const"               shift, and go to state 81
    "f_const"               shift, and go to state 82
    "sting_literal"         shift, and go to state 83
    Y_EXCLAMATION           shift, and go to state 84
    Y_AND                   shift, and go to state 85
    Y_LEFT_PAREN            shift, and go to state 86
    Y_TIMES                 shift, and go to state 87
    Y_PLUS                  shift, and go to state 88
    Y_PLUS_PLUS             shift, and go to state 89
    Y_MINUS                 shift, and go to state 90
    Y_MINUS_MINUS           shift, and go to state 91
    Y_SEMICOLON             shift, and go to state 200
    Y_SIZEOF                shift, and go to state 92
    Y_LEFT_BRACE            shift, and go to state 126
    Y_TILDE                 shift, and go to state 93
    Y_IF                    shift, and go to state 202
    Y_ENUMERATION_CONSTANT  shift, and go to state 94
    Y_FUNC_NAME             shift, and go to state 95
    Y_DEFAULT               shift, and go to state 203
    Y_CASE                  shift, and go to state 204
    Y_ALIGNOF               shift, and go to state 96
    Y_SWITCH                shift, and go to state 205
    Y_WHILE                 shift, and go to state 206
    Y_DO                    shift, and go to state 207
    Y_FOR                   shift, and go to state 208
    Y_GOTO                  shift, and go to state 209
    Y_CONTINUE              shift, and go to state 210
    Y_BREAK                 shift, and go to state 211
    Y_RETURN                shift, and go to state 212

    primary_expression         go to state 97
    constant                   go to state 98
    string                     go to state 99
    postfix_expression         go to state 100
    unary_expression           go to state 151
    unary_operator             go to state 102
    cast_expression            go to state 103
    multiplicative_expression  go to state 104
    additive_expression        go to state 105
    shift_expression           go to state 106
    relational_expression      go to state 107
    equality_expression        go to state 108
    and_expression             go to state 109
    exclusive_or_expression    go to state 110
    inclusive_or_expression    go to state 111
    logical_and_expression     go to state 112
    logical_or_expression      go to state 113
    conditional_expression     go to state 152
    assignment_expression      go to state 153
    expression                 go to state 213
    statement                  go to state 458
    labeled_statement          go to state 216
    compound_statement         go to state 217
    expression_statement       go to state 220
    selection_statement        go to state 221
    iteration_statement        go to state 222
    jump_statement             go to state 223


State 450

   82 expression: expression . Y_COMMA assignment_expression
  257 iteration_statement: Y_FOR Y_LEFT_PAREN declaration expression_statement expression . Y_RIGHT_PAREN statement

    Y_RIGHT_PAREN  shift, and go to state 459
    Y_COMMA        shift, and go to state 275


State 451

  254 iteration_statement: Y_FOR Y_LEFT_PAREN expression_statement expression_statement Y_RIGHT_PAREN . statement

    "identifier"            shift, and go to state 199
    "i_const"               shift, and go to state 81
    "f_const"               shift, and go to state 82
    "sting_literal"         shift, and go to state 83
    Y_EXCLAMATION           shift, and go to state 84
    Y_AND                   shift, and go to state 85
    Y_LEFT_PAREN            shift, and go to state 86
    Y_TIMES                 shift, and go to state 87
    Y_PLUS                  shift, and go to state 88
    Y_PLUS_PLUS             shift, and go to state 89
    Y_MINUS                 shift, and go to state 90
    Y_MINUS_MINUS           shift, and go to state 91
    Y_SEMICOLON             shift, and go to state 200
    Y_SIZEOF                shift, and go to state 92
    Y_LEFT_BRACE            shift, and go to state 126
    Y_TILDE                 shift, and go to state 93
    Y_IF                    shift, and go to state 202
    Y_ENUMERATION_CONSTANT  shift, and go to state 94
    Y_FUNC_NAME             shift, and go to state 95
    Y_DEFAULT               shift, and go to state 203
    Y_CASE                  shift, and go to state 204
    Y_ALIGNOF               shift, and go to state 96
    Y_SWITCH                shift, and go to state 205
    Y_WHILE                 shift, and go to state 206
    Y_DO                    shift, and go to state 207
    Y_FOR                   shift, and go to state 208
    Y_GOTO                  shift, and go to state 209
    Y_CONTINUE              shift, and go to state 210
    Y_BREAK                 shift, and go to state 211
    Y_RETURN                shift, and go to state 212

    primary_expression         go to state 97
    constant                   go to state 98
    string                     go to state 99
    postfix_expression         go to state 100
    unary_expression           go to state 151
    unary_operator             go to state 102
    cast_expression            go to state 103
    multiplicative_expression  go to state 104
    additive_expression        go to state 105
    shift_expression           go to state 106
    relational_expression      go to state 107
    equality_expression        go to state 108
    and_expression             go to state 109
    exclusive_or_expression    go to state 110
    inclusive_or_expression    go to state 111
    logical_and_expression     go to state 112
    logical_or_expression      go to state 113
    conditional_expression     go to state 152
    assignment_expression      go to state 153
    expression                 go to state 213
    statement                  go to state 460
    labeled_statement          go to state 216
    compound_statement         go to state 217
    expression_statement       go to state 220
    selection_statement        go to state 221
    iteration_statement        go to state 222
    jump_statement             go to state 223


State 452

   82 expression: expression . Y_COMMA assignment_expression
  255 iteration_statement: Y_FOR Y_LEFT_PAREN expression_statement expression_statement expression . Y_RIGHT_PAREN statement

    Y_RIGHT_PAREN  shift, and go to state 461
    Y_COMMA        shift, and go to state 275


State 453

  209 direct_abstract_declarator: direct_abstract_declarator Y_LEFT_BRACKET Y_STATIC type_qualifier_list assignment_expression Y_RIGHT_BRACKET .

    $default  reduce using rule 209 (direct_abstract_declarator)


State 454

  212 direct_abstract_declarator: direct_abstract_declarator Y_LEFT_BRACKET type_qualifier_list Y_STATIC assignment_expression Y_RIGHT_BRACKET .

    $default  reduce using rule 212 (direct_abstract_declarator)


State 455

   20 postfix_expression: Y_LEFT_PAREN type_name Y_RIGHT_PAREN Y_LEFT_BRACE initializer_list Y_COMMA Y_RIGHT_BRACE .

    $default  reduce using rule 20 (postfix_expression)


State 456

  249 selection_statement: Y_IF Y_LEFT_PAREN expression Y_RIGHT_PAREN statement Y_ELSE . statement

    "identifier"            shift, and go to state 199
    "i_const"               shift, and go to state 81
    "f_const"               shift, and go to state 82
    "sting_literal"         shift, and go to state 83
    Y_EXCLAMATION           shift, and go to state 84
    Y_AND                   shift, and go to state 85
    Y_LEFT_PAREN            shift, and go to state 86
    Y_TIMES                 shift, and go to state 87
    Y_PLUS                  shift, and go to state 88
    Y_PLUS_PLUS             shift, and go to state 89
    Y_MINUS                 shift, and go to state 90
    Y_MINUS_MINUS           shift, and go to state 91
    Y_SEMICOLON             shift, and go to state 200
    Y_SIZEOF                shift, and go to state 92
    Y_LEFT_BRACE            shift, and go to state 126
    Y_TILDE                 shift, and go to state 93
    Y_IF                    shift, and go to state 202
    Y_ENUMERATION_CONSTANT  shift, and go to state 94
    Y_FUNC_NAME             shift, and go to state 95
    Y_DEFAULT               shift, and go to state 203
    Y_CASE                  shift, and go to state 204
    Y_ALIGNOF               shift, and go to state 96
    Y_SWITCH                shift, and go to state 205
    Y_WHILE                 shift, and go to state 206
    Y_DO                    shift, and go to state 207
    Y_FOR                   shift, and go to state 208
    Y_GOTO                  shift, and go to state 209
    Y_CONTINUE              shift, and go to state 210
    Y_BREAK                 shift, and go to state 211
    Y_RETURN                shift, and go to state 212

    primary_expression         go to state 97
    constant                   go to state 98
    string                     go to state 99
    postfix_expression         go to state 100
    unary_expression           go to state 151
    unary_operator             go to state 102
    cast_expression            go to state 103
    multiplicative_expression  go to state 104
    additive_expression        go to state 105
    shift_expression           go to state 106
    relational_expression      go to state 107
    equality_expression        go to state 108
    and_expression             go to state 109
    exclusive_or_expression    go to state 110
    inclusive_or_expression    go to state 111
    logical_and_expression     go to state 112
    logical_or_expression      go to state 113
    conditional_expression     go to state 152
    assignment_expression      go to state 153
    expression                 go to state 213
    statement                  go to state 462
    labeled_statement          go to state 216
    compound_statement         go to state 217
    expression_statement       go to state 220
    selection_statement        go to state 221
    iteration_statement        go to state 222
    jump_statement             go to state 223


State 457

  253 iteration_statement: Y_DO statement Y_WHILE Y_LEFT_PAREN expression Y_RIGHT_PAREN . Y_SEMICOLON

    Y_SEMICOLON  shift, and go to state 463


State 458

  256 iteration_statement: Y_FOR Y_LEFT_PAREN declaration expression_statement Y_RIGHT_PAREN statement .

    $default  reduce using rule 256 (iteration_statement)


State 459

  257 iteration_statement: Y_FOR Y_LEFT_PAREN declaration expression_statement expression Y_RIGHT_PAREN . statement

    "identifier"            shift, and go to state 199
    "i_const"               shift, and go to state 81
    "f_const"               shift, and go to state 82
    "sting_literal"         shift, and go to state 83
    Y_EXCLAMATION           shift, and go to state 84
    Y_AND                   shift, and go to state 85
    Y_LEFT_PAREN            shift, and go to state 86
    Y_TIMES                 shift, and go to state 87
    Y_PLUS                  shift, and go to state 88
    Y_PLUS_PLUS             shift, and go to state 89
    Y_MINUS                 shift, and go to state 90
    Y_MINUS_MINUS           shift, and go to state 91
    Y_SEMICOLON             shift, and go to state 200
    Y_SIZEOF                shift, and go to state 92
    Y_LEFT_BRACE            shift, and go to state 126
    Y_TILDE                 shift, and go to state 93
    Y_IF                    shift, and go to state 202
    Y_ENUMERATION_CONSTANT  shift, and go to state 94
    Y_FUNC_NAME             shift, and go to state 95
    Y_DEFAULT               shift, and go to state 203
    Y_CASE                  shift, and go to state 204
    Y_ALIGNOF               shift, and go to state 96
    Y_SWITCH                shift, and go to state 205
    Y_WHILE                 shift, and go to state 206
    Y_DO                    shift, and go to state 207
    Y_FOR                   shift, and go to state 208
    Y_GOTO                  shift, and go to state 209
    Y_CONTINUE              shift, and go to state 210
    Y_BREAK                 shift, and go to state 211
    Y_RETURN                shift, and go to state 212

    primary_expression         go to state 97
    constant                   go to state 98
    string                     go to state 99
    postfix_expression         go to state 100
    unary_expression           go to state 151
    unary_operator             go to state 102
    cast_expression            go to state 103
    multiplicative_expression  go to state 104
    additive_expression        go to state 105
    shift_expression           go to state 106
    relational_expression      go to state 107
    equality_expression        go to state 108
    and_expression             go to state 109
    exclusive_or_expression    go to state 110
    inclusive_or_expression    go to state 111
    logical_and_expression     go to state 112
    logical_or_expression      go to state 113
    conditional_expression     go to state 152
    assignment_expression      go to state 153
    expression                 go to state 213
    statement                  go to state 464
    labeled_statement          go to state 216
    compound_statement         go to state 217
    expression_statement       go to state 220
    selection_statement        go to state 221
    iteration_statement        go to state 222
    jump_statement             go to state 223


State 460

  254 iteration_statement: Y_FOR Y_LEFT_PAREN expression_statement expression_statement Y_RIGHT_PAREN statement .

    $default  reduce using rule 254 (iteration_statement)


State 461

  255 iteration_statement: Y_FOR Y_LEFT_PAREN expression_statement expression_statement expression Y_RIGHT_PAREN . statement

    "identifier"            shift, and go to state 199
    "i_const"               shift, and go to state 81
    "f_const"               shift, and go to state 82
    "sting_literal"         shift, and go to state 83
    Y_EXCLAMATION           shift, and go to state 84
    Y_AND                   shift, and go to state 85
    Y_LEFT_PAREN            shift, and go to state 86
    Y_TIMES                 shift, and go to state 87
    Y_PLUS                  shift, and go to state 88
    Y_PLUS_PLUS             shift, and go to state 89
    Y_MINUS                 shift, and go to state 90
    Y_MINUS_MINUS           shift, and go to state 91
    Y_SEMICOLON             shift, and go to state 200
    Y_SIZEOF                shift, and go to state 92
    Y_LEFT_BRACE            shift, and go to state 126
    Y_TILDE                 shift, and go to state 93
    Y_IF                    shift, and go to state 202
    Y_ENUMERATION_CONSTANT  shift, and go to state 94
    Y_FUNC_NAME             shift, and go to state 95
    Y_DEFAULT               shift, and go to state 203
    Y_CASE                  shift, and go to state 204
    Y_ALIGNOF               shift, and go to state 96
    Y_SWITCH                shift, and go to state 205
    Y_WHILE                 shift, and go to state 206
    Y_DO                    shift, and go to state 207
    Y_FOR                   shift, and go to state 208
    Y_GOTO                  shift, and go to state 209
    Y_CONTINUE              shift, and go to state 210
    Y_BREAK                 shift, and go to state 211
    Y_RETURN                shift, and go to state 212

    primary_expression         go to state 97
    constant                   go to state 98
    string                     go to state 99
    postfix_expression         go to state 100
    unary_expression           go to state 151
    unary_operator             go to state 102
    cast_expression            go to state 103
    multiplicative_expression  go to state 104
    additive_expression        go to state 105
    shift_expression           go to state 106
    relational_expression      go to state 107
    equality_expression        go to state 108
    and_expression             go to state 109
    exclusive_or_expression    go to state 110
    inclusive_or_expression    go to state 111
    logical_and_expression     go to state 112
    logical_or_expression      go to state 113
    conditional_expression     go to state 152
    assignment_expression      go to state 153
    expression                 go to state 213
    statement                  go to state 465
    labeled_statement          go to state 216
    compound_statement         go to state 217
    expression_statement       go to state 220
    selection_statement        go to state 221
    iteration_statement        go to state 222
    jump_statement             go to state 223


State 462

  249 selection_statement: Y_IF Y_LEFT_PAREN expression Y_RIGHT_PAREN statement Y_ELSE statement .

    $default  reduce using rule 249 (selection_statement)


State 463

  253 iteration_statement: Y_DO statement Y_WHILE Y_LEFT_PAREN expression Y_RIGHT_PAREN Y_SEMICOLON .

    $default  reduce using rule 253 (iteration_statement)


State 464

  257 iteration_statement: Y_FOR Y_LEFT_PAREN declaration expression_statement expression Y_RIGHT_PAREN statement .

    $default  reduce using rule 257 (iteration_statement)


State 465

  255 iteration_statement: Y_FOR Y_LEFT_PAREN expression_statement expression_statement expression Y_RIGHT_PAREN statement .

    $default  reduce using rule 255 (iteration_statement)
